Timestamp,ETH_ETH,BTC_ETH,KNC_ETH,BAT_ETH,MANA_ETH,ZRX_ETH,LINK_ETH,REP_ETH,RLC_ETH,MKR_ETH,ANT_ETH,MLN_ETH,REN_ETH
2019-03-05,1.0,29.572674848440045,0.0012792,0.00133446,0.00031602,0.00180116,0.00320757,0.09654,0.002681,4.914867036911367,0.003094334275872192,0.0997837275431376,0.00014399047620881168
2019-03-06,1.0,28.21590812900313,0.0012485999999999999,0.00128498,0.00031411,0.00173522,0.00313276,0.0923,0.002546,4.950024763645404,0.002980703454074897,0.10352086488254487,0.00013493515345068934
2019-03-07,1.0,28.108837418484374,0.0012301999999999999,0.00126031,0.00029997,0.00178115,0.0031219999999999998,0.09139,0.0024980000000000002,4.9624343998070914,0.003035136636458025,0.10535175468203356,0.00013989360745069875
2019-03-08,1.0,28.310967668874923,0.0012898,0.00131804,0.00030083,0.00173939,0.00332044,0.09375,0.002385,4.920909250364253,0.003050293174188041,0.09982171952143563,0.00015130479168233118
2019-03-09,1.0,28.94774931249096,0.0019002,0.00146234,0.0003323,0.00176234,0.00346387,0.09471,0.002381,4.973539006169967,0.00313865827121666,0.10106058966939208,0.00014606510307016912
2019-03-10,1.0,28.72820247637105,0.0026041999999999997,0.00152155,0.00034232,0.00182546,0.00346983,0.09595,0.002395,4.698069574351866,0.003265266061549688,0.09956975046105697,0.00014825362595509387
2019-03-11,1.0,28.920959019001074,0.0022173,0.00144186,0.00035302,0.00199201,0.00368529,0.10019,0.002514,4.748647539313469,0.0032797059396927697,0.1018991603103708,0.0001523477948711248
2019-03-12,1.0,29.183447148777212,0.0019238,0.00144016,0.00033435,0.00193086,0.00350111,0.10989000000000002,0.00236,4.910417589525392,0.003336842531362789,0.0988445143827832,0.00015123971025635702
2019-03-13,1.0,29.06638762934542,0.0019795999999999998,0.00144286,0.00035228,0.00203204,0.00364034,0.10404000000000001,0.00325,4.915254899294262,0.0032764362756058252,0.1017052855808306,0.00015347276875089707
2019-03-14,1.0,29.359091042541323,0.0018844999999999999,0.0014312,0.00034665,0.00203348,0.00365272,0.10590999999999999,0.003144,4.866466694895274,0.003491165770095612,0.10064417357029944,0.0001528079311451752
2019-03-15,1.0,29.319494531914266,0.0017852,0.00145376,0.00035308,0.00201355,0.00366981,0.10811,0.002973,4.9033424266401235,0.0035191814936026116,0.09972428877939643,0.00015135744344963072
2019-03-16,1.0,28.73398080570082,0.0018492,0.00142976,0.00035734,0.00198453,0.0035600000000000002,0.1067,0.003109,4.96958525191401,0.003439459036942089,0.09806730810858837,0.00015090683339181446
2019-03-17,1.0,28.429282160625444,0.0017385000000000002,0.0014,0.00034663,0.00190558,0.00341292,0.10212,0.002938,4.969493684267524,0.003420223287013839,0.09448479426378613,0.00014536066220172648
2019-03-18,1.0,28.712530148156656,0.001745,0.00139831,0.00035853,0.00190484,0.0034498000000000003,0.10625,0.003007,5.03062993711081,0.0034585884388667705,0.08960330944059364,0.00014684883077994556
2019-03-19,1.0,28.989708653428035,0.0018555,0.00140509,0.00037517,0.00188882,0.00345812,0.10879000000000001,0.003,4.984891689557736,0.0034873735305748646,0.08371677326659557,0.00015088169719928434
2019-03-20,1.0,28.990549080999603,0.0018704999999999998,0.00138119,0.00035624,0.00192353,0.00345866,0.1054,0.00288,5.087972015520014,0.0036815985251509595,0.08259249634294416,0.00014983641599649475
2019-03-21,1.0,29.08244874218409,0.0018762999999999998,0.00139324,0.00036077,0.00195264,0.00345537,0.10782,0.002787,5.02284583446424,0.003753679762188465,0.07560485958956711,0.00015060709210661298
2019-03-22,1.0,29.522909777987717,0.0019573,0.00144129,0.00035843,0.00191831,0.00338636,0.10605999999999999,0.002836,5.194026549292205,0.003765578158578189,0.07316422135924235,0.00014531039671633795
2019-03-23,1.0,29.33067401888896,0.0019574,0.00144641,0.00036615,0.00200452,0.00340739,0.10528,0.00295,5.330122229646364,0.003723314880009564,0.07244666834319043,0.00014385215161013217
2019-03-24,1.0,29.17663535041139,0.0019146,0.00146353,0.00036647,0.00195902,0.00335481,0.10544,0.002829,5.336955472905943,0.0037294627082217454,0.07448539645214552,0.00013957920314420813
2019-03-25,1.0,29.334976091994484,0.0018772000000000003,0.00153525,0.000383,0.002135,0.00333737,0.1056,0.002874,5.3421144511604695,0.0037668991986372588,0.06792521017020332,0.00014681515296853618
2019-03-26,1.0,29.38151902453357,0.0018326,0.00152057,0.00037289999999999996,0.00206635,0.00352823,0.10555999999999999,0.002927,5.332313833516809,0.0036581462678938726,0.06410169459215785,0.00018905088403427988
2019-03-27,1.0,29.4221489937625,0.0019247,0.00160429,0.00037299,0.00216682,0.00342359,0.10568,0.003078,5.098683657495212,0.003697482662841083,0.05789099576074332,0.00017533054822629223
2019-03-28,1.0,28.967035513585532,0.0018792000000000001,0.00161919,0.00037078,0.00218178,0.00355836,0.10447999999999999,0.003069,5.220863228576731,0.00376793352990839,0.05505181557364875,0.00017209908085987594
2019-03-29,1.0,29.205607476635514,0.001936,0.00183574,0.00047696,0.002216,0.00361267,0.10492,0.003177,5.2218744515465305,0.0037614508270069798,0.0506805165431086,0.0001718434414552099
2019-03-30,1.0,28.66068613682611,0.0019857,0.0019807,0.00042095,0.0021411,0.00349868,0.10432000000000001,0.0030239999999999998,4.895027017979082,0.003624323736046,0.05651483432639085,0.00016461273903400466
2019-03-31,1.0,28.837558035585552,0.0019593,0.00190003,0.00040017,0.00219041,0.00346717,0.11047,0.00305,4.995228754479805,0.0035484312058006256,0.056924619800209325,0.00017217283776884267
2019-04-01,1.0,29.00063801403631,0.0019966,0.0020399999999999997,0.00040327,0.00229249,0.00359802,0.10914000000000001,0.003421,5.018026311217993,0.003551646811120153,0.06295188969946665,0.0001739260064549433
2019-04-02,1.0,29.333255111319698,0.0020102999999999996,0.00200916,0.00040267,0.00235361,0.0039155,0.11179000000000001,0.0033810000000000003,5.011701010941821,0.004408062666811838,0.0660348315395749,0.00017821444902568835
2019-04-03,1.0,29.74066143231025,0.0018070999999999999,0.00195159,0.00035505,0.00229186,0.00357017,0.10800000000000001,0.0032409999999999995,4.804662687791111,0.004280126672666217,0.06003574276480586,0.00016199190341148486
2019-04-04,1.0,30.8461087633795,0.0017448000000000001,0.00178299,0.00035565,0.00220117,0.00351562,0.12473,0.0030489999999999996,4.708892696294264,0.004218558029651408,0.057563461054911176,0.00018022329623334376
2019-04-05,1.0,31.130342745073623,0.0018245000000000002,0.00179208,0.00037787,0.00214,0.00343695,0.12300000000000001,0.003311,4.646211163911644,0.00407013542417893,0.053983389101909376,0.00017884096000003258
2019-04-06,1.0,30.355462465470662,0.0017247,0.00185788,0.00035889,0.00216932,0.0034864000000000006,0.1193,0.0033159999999999995,4.724367186994182,0.003824761710042421,0.05462446726387772,0.00018053866404003663
2019-04-07,1.0,30.484087306426048,0.0017089000000000002,0.00182601,0.00035333,0.002137,0.00343913,0.12721,0.0033619999999999995,4.656141246457343,0.003971398589170907,0.0582532869773318,0.00017694508585028505
2019-04-08,1.0,29.684160531940154,0.0016577999999999999,0.00171766,0.00034742,0.00203005,0.00331033,0.12694,0.0031079999999999997,4.499204490542112,0.0038705621549514476,0.05548475761663831,0.0001851975325215012
2019-04-09,1.0,29.30059480207448,0.0015558,0.0016279,0.00032918,0.00193308,0.00315264,0.1234,0.002964,3.9509427927479113,0.003888582130443661,0.05505893384147617,0.00017120558009188803
2019-04-10,1.0,29.49330501976052,0.0015694,0.00164601,0.00032417,0.00203165,0.00303352,0.11637,0.0029579999999999997,4.0468727056171065,0.003972087218345684,0.052813633081641866,0.00017610331381266516
2019-04-11,1.0,29.963444597590943,0.0015607000000000002,0.00164932,0.00031767,0.00197823,0.00293505,0.11175999999999998,0.002942,4.025816054627716,0.003977296588202059,0.050230756278506386,0.0001777038158301853
2019-04-12,1.0,30.574494756474145,0.0016584,0.00163173,0.00031788,0.00192622,0.00291989,0.11059000000000001,0.0028640000000000002,3.9183601430809647,0.004104025321111021,0.051175224764287014,0.00016508091950647548
2019-04-13,1.0,30.923371884470285,0.0016605,0.0017469,0.00032205,0.0019579999999999997,0.00301831,0.11849000000000001,0.003006,3.858085903212614,0.004039438169477214,0.05215421320209667,0.0001745798215123444
2019-04-14,1.0,30.95687707024116,0.0016413,0.0019,0.00033571,0.00192787,0.00328503,0.11474000000000001,0.002909,3.8122852315564035,0.003877658041899764,0.05260695576952285,0.00016887321144415038
2019-04-15,1.0,30.702158361732835,0.0016485,0.00183183,0.00033291,0.00192258,0.00313198,0.12055,0.002933,3.7626841777206166,0.0038528952443413725,0.05176112531087743,0.000172192054071163
2019-04-16,1.0,31.41887646097776,0.0016338000000000001,0.0018245000000000002,0.00032828,0.00192426,0.00306652,0.11615,0.00307,3.914102279003713,0.003909574856551329,0.04946545109032751,0.00016994667797164126
2019-04-17,1.0,31.282259830450148,0.0015865,0.00195169,0.00033808,0.00194735,0.00300874,0.11415,0.002934,3.8094944535002497,0.00382277393679228,0.0505400845066467,0.00016590151707358378
2019-04-18,1.0,31.3883047176622,0.0015904000000000003,0.00201525,0.00032847,0.00200411,0.00300541,0.12125999999999999,0.003071,3.7897810879816713,0.003770024414071301,0.049688494256722886,0.00016409103460261247
2019-04-19,1.0,30.337964929312548,0.00155,0.0020125,0.00032196,0.00190961,0.00299805,0.12272999999999999,0.002986,3.7135906060973936,0.0037455960495237006,0.04865900497460216,0.00016206688964320398
2019-04-20,1.0,30.45994517209869,0.0015536,0.00217848,0.00033582,0.00189082,0.00296399,0.12697,0.00302,3.602755270757048,0.0036074138110345406,0.05184488686993099,0.0001665862973201741
2019-04-21,1.0,30.61286965040103,0.0017215,0.00238,0.00033308,0.00186231,0.00295731,0.12440999999999999,0.003173,3.5294960140118903,0.0034738404503346395,0.05316584345061446,0.00015530764369732334
2019-04-22,1.0,31.184707019677553,0.001663,0.00259273,0.00032510000000000004,0.001855,0.00294004,0.12327,0.003188,3.5523075785788243,0.0033521982019051365,0.05053770378554095,0.00015057998992155618
2019-04-23,1.0,31.41591530269234,0.0016090999999999998,0.00233314,0.00032329,0.00182743,0.00289707,0.13363,0.003274,3.5414625957568067,0.0036690645750394116,0.04975530311866374,0.00015812471226903885
2019-04-24,1.0,32.467532467532465,0.0015428,0.00244689,0.00032331,0.00177136,0.00281699,0.12718,0.0030989999999999998,3.4824813219404267,0.003684427722263075,0.048003353967114484,0.00014658861423310393
2019-04-25,1.0,32.85366975491162,0.001456,0.00251949,0.00031462,0.00175193,0.00288852,0.13180999999999998,0.0029059999999999997,3.4787028817751136,0.00363954498928975,0.049370668796143456,0.00014988490083692825
2019-04-26,1.0,33.735915255380874,0.0015087999999999998,0.00253026,0.00031422,0.00177007,0.00287596,0.13881,0.0030239999999999998,3.3560143742389954,0.003756459171762207,0.04747269586048174,0.00014648395183590338
2019-04-27,1.0,33.64511136531862,0.0014351,0.00241171,0.00031522,0.00172463,0.00280186,0.14185999999999999,0.002897,3.1616016064145613,0.0036975426565374393,0.04894352492643783,0.00014788243133408865
2019-04-28,1.0,33.24689141565264,0.0014380999999999999,0.00245604,0.00031196,0.00180695,0.00278511,0.13807,0.0029690000000000003,3.149690455005929,0.0035880761937171117,0.04741510368137565,0.00015157452156927794
2019-04-29,1.0,33.63492650768558,0.0014904000000000002,0.002571,0.00031474,0.00177126,0.00285746,0.13668,0.002848,3.3955678710937063,0.003663482575459893,0.04822647211126666,0.00014687833572645426
2019-04-30,1.0,33.77123366316572,0.0013927999999999998,0.00241781,0.00031175,0.0017563,0.00278389,0.13271,0.0027559999999999998,3.3634579131332303,0.004012957583222525,0.0487085607836945,0.0001424539997622007
2019-05-01,1.0,32.88391976323577,0.0014013,0.00236217,0.00031579,0.00172416,0.00293737,0.131,0.002945,3.3163765402556136,0.0037984893542172865,0.04910212699737003,0.000142470088382369
2019-05-02,1.0,33.59989248034406,0.0014048,0.00242937,0.00031852,0.00172963,0.002966,0.12775,0.003036,3.2223152605052023,0.003990616513851129,0.0498762082693014,0.0001483788825470895
2019-05-03,1.0,33.9512460107286,0.001372,0.00234905,0.00031746,0.00169854,0.00285405,0.12615,0.00324,3.2200982681745867,0.00430492503020789,0.050322027728193636,0.00015911610406393523
2019-05-04,1.0,34.335942864991075,0.0013365,0.00225302,0.00031044,0.00167972,0.00303686,0.12344000000000001,0.003322,3.312803218890608,0.0037856809663927827,0.048915580116790175,0.00015296809866500584
2019-05-05,1.0,35.60873126090518,0.0013589000000000001,0.00220946,0.00029933,0.00163201,0.00301928,0.12342,0.003343,3.2611038135984325,0.003842055597655565,0.049287328002408586,0.0001586887317168355
2019-05-06,1.0,35.41954450465767,0.0013748,0.0022028000000000004,0.00030993,0.00164064,0.00309929,0.12415,0.003478,3.1840327764851595,0.00369791537973344,0.04706901495864137,0.00015546098842071553
2019-05-07,1.0,33.22590291391168,0.0013168,0.00199407,0.00029497,0.001615,0.00334189,0.12072000000000001,0.003379,3.0470899387978854,0.003678728507164315,0.04277633098464613,0.00014790071149483924
2019-05-08,1.0,34.581733928139165,0.0012744000000000002,0.00186844,0.00029084,0.00155485,0.0032116999999999996,0.11895,0.0036369999999999996,3.1638324923402847,0.0038742343559360344,0.04319449122776675,0.0001496491921442096
2019-05-09,1.0,35.042225882188035,0.0012539,0.00183922,0.00028428,0.00158144,0.00348059,0.11685999999999999,0.003725,3.1415561493054107,0.0039418869920751845,0.04014612096746994,0.00015234729133802846
2019-05-10,1.0,36.3253296523666,0.0011883,0.00165123,0.00025951,0.00148744,0.0037575000000000004,0.11243,0.0038229999999999996,3.0447736311864992,0.004127335894614189,0.041897067074882055,0.00013425085381435113
2019-05-11,1.0,36.86907790436161,0.0011947000000000001,0.00210142,0.00027239999999999995,0.00152304,0.00388588,0.11548,0.003675,3.0268783038958813,0.004202532596890244,0.04384140881222081,0.00014279198428016044
2019-05-12,1.0,37.2093023255814,0.0011343,0.0019166,0.00026084,0.00152947,0.0035271,0.10899,0.003221,3.0171173751626514,0.003862391207170383,0.0437912944377634,0.00013936067692199547
2019-05-13,1.0,37.04801422643746,0.0011448,0.00188268,0.00024457,0.00144696,0.0035186999999999996,0.10774,0.0034200000000000003,2.9648469048593746,0.003943491475678844,0.04004081932572976,0.00013413938071022777
2019-05-14,1.0,39.77408320738208,0.0010884,0.00181084,0.00023966,0.00141522,0.00329801,0.10534,0.003554,2.9866867904025027,0.003722285292213957,0.03572853153151103,0.0001291665706909996
2019-05-15,1.0,36.71206725650722,0.0011186,0.00168072,0.00023365,0.00138784,0.00382041,0.0967,0.0034240000000000004,2.8531186044071197,0.003499093541407047,0.03319403721451785,0.00011977903423652234
2019-05-16,1.0,32.92831505811848,0.0011127,0.00163967,0.00022813,0.00146518,0.00340737,0.09749,0.002912,2.7827473552640005,0.0034839950132545326,0.0339156731277893,0.0001215880433703083
2019-05-17,1.0,29.75570565655965,0.0009747,0.00143113,0.00021685,0.00126843,0.00349079,0.08731,0.0025399999999999997,2.507136184361607,0.00316766111818502,0.03466465180657755,0.00011420492191299624
2019-05-18,1.0,30.11776044333344,0.001017,0.00151747,0.00021981,0.00127996,0.00366443,0.08642000000000001,0.002447,2.556221371001626,0.003044763125893537,0.02936308175352767,0.00011375732824954221
2019-05-19,1.0,31.070374398011488,0.0010425,0.00160071,0.00023293,0.00138169,0.00402791,0.09335,0.002378,2.6473550988526915,0.0030392348479601453,0.02709182290408107,0.00013538487867197858
2019-05-20,1.0,31.434678737583297,0.0009859,0.00147018,0.00021618,0.00129233,0.0038141,0.08703,0.002131,2.6010705937283296,0.0028391594153670922,0.027231009011506883,0.00012121374243642663
2019-05-21,1.0,31.695721077654515,0.0010611,0.00144064,0.00021467,0.00126549,0.004442100000000001,0.08409,0.002081,2.6281594977804734,0.0027625990299765552,0.029435179199950336,0.00012740204860345008
2019-05-22,1.0,31.20416887696195,0.0010717,0.00144009,0.00022342,0.00130809,0.0046707,0.08035,0.002097,2.611380767030135,0.002648585581988752,0.027556113996092216,0.00013228656526705738
2019-05-23,1.0,31.296945418127194,0.0010554,0.00140553,0.00022751,0.00124311,0.00501591,0.07979,0.00213,2.697302441739438,0.0027823071664478945,0.02932619251628293,0.00014034747869433068
2019-05-24,1.0,32.08933671341013,0.0011634,0.00142436,0.0002556,0.00128227,0.00549654,0.07993,0.002154,2.675953314359673,0.002930194797629437,0.030157072296392137,0.00014148485245975105
2019-05-25,1.0,32.01331754009668,0.0011427,0.00141184,0.00023866,0.00126286,0.00534777,0.07764,0.002085,2.7091467075271627,0.002808084780433807,0.029475185993265717,0.00012794744061498935
2019-05-26,1.0,32.06772703950745,0.0011317,0.00138324,0.00023908,0.00128732,0.00445989,0.07775,0.00203,2.779652406168763,0.002757010276716143,0.027754594686326902,0.00013082908412702458
2019-05-27,1.0,32.58602711157456,0.0010477,0.00132103,0.0002226,0.00122402,0.00409107,0.07459,0.001786,2.7582315356020213,0.0027568243705260093,0.027115710393199842,0.00011610655895548733
2019-05-28,1.0,32.33316088980859,0.0010638,0.00139484,0.00022308,0.00124201,0.00449076,0.07422999999999999,0.001789,2.747942598534295,0.002753433726944553,0.024969737246541963,0.00011686524369807996
2019-05-29,1.0,32.151239430280036,0.001068,0.0013617000000000002,0.00022637,0.00123947,0.00470598,0.07552,0.0018030000000000001,2.7452975418745518,0.002760640059648504,0.02401047585916061,0.00011930591481762792
2019-05-30,1.0,32.14710515318096,0.0010496,0.00134369,0.0002311,0.0012720000000000001,0.0043669,0.07647999999999999,0.00165,2.8212121623228614,0.0027301185994516065,0.02385443065145246,0.00012200829848626514
2019-05-31,1.0,32.481242082697236,0.001023,0.0013157,0.00022187,0.00127206,0.00394425,0.07512,0.001655,2.820649675071744,0.0026886905962732162,0.021618298225911933,0.00014523972897347088
2019-06-01,1.0,31.934597943411887,0.0010207,0.00129656,0.00022404,0.001277,0.00382369,0.07317,0.00165,2.76495874017496,0.002629613674122649,0.02226831087626826,0.00015032627095904106
2019-06-02,1.0,32.310177705977395,0.0010026,0.00135069,0.00022322,0.00126493,0.00362346,0.07347999999999999,0.001615,2.7452765977920257,0.002805654621151399,0.022308722105116592,0.00016529688832712323
2019-06-03,1.0,32.44962196190414,0.0010239,0.00133543,0.0002263,0.0012701,0.00377723,0.07321,0.0017460000000000002,2.7129900866221117,0.002906918381410173,0.02316380825526888,0.00016033610302052236
2019-06-04,1.0,32.467532467532465,0.0010135,0.00135122,0.00021718,0.00126575,0.00360437,0.07396,0.0017579999999999998,2.765702355049564,0.003140206113109411,0.023096789827893656,0.0001603561685225064
2019-06-05,1.0,31.85017676848107,0.0010245999999999999,0.00136748,0.00021400000000000002,0.00126034,0.00368053,0.07067999999999999,0.001719,2.71658416754404,0.002971695622615917,0.02342335058515657,0.0001655365381479817
2019-06-06,1.0,31.663605851434358,0.0010037000000000002,0.00133537,0.00021369,0.00128105,0.00447188,0.07151,0.0016809999999999998,2.766563650795013,0.0027860663370235217,0.023115267735597803,0.0001750061645836444
2019-06-07,1.0,31.29400719762165,0.001035,0.00131126,0.00022452,0.00128852,0.00445243,0.07007999999999999,0.001652,2.8539100460112454,0.0029002244644407986,0.02276748740793469,0.00016677650373688228
2019-06-08,1.0,32.06053028117085,0.0010402,0.00135608,0.00023277,0.00133324,0.00472048,0.07378,0.001721,3.0669785549685638,0.0026997076243178283,0.02358554524464953,0.00016792084397218885
2019-06-09,1.0,32.4517280545189,0.0010826,0.0013800000000000002,0.00024174,0.00138231,0.00469044,0.07879,0.001772,3.150108068111876,0.002869979277971525,0.023198142821123573,0.00018090761916953203
2019-06-10,1.0,33.020737022850355,0.0011082000000000002,0.00137673,0.00024639,0.0013567,0.00458617,0.07697999999999999,0.001811,3.1770066207632435,0.0026929282364865003,0.02284592122225392,0.0001976130310751699
2019-06-11,1.0,32.3593178655794,0.0010897,0.00134521,0.0002437,0.00132962,0.00488106,0.07658999999999999,0.0018969999999999998,2.9286327694430234,0.0026614160797945466,0.016355605983649157,0.00020058840257622404
2019-06-12,1.0,32.27055634439138,0.001134,0.0013241,0.00024139,0.00132632,0.00457703,0.07607,0.0018960000000000001,2.900693216151644,0.0026729481566796684,0.019601413412169158,0.00018741458937132624
2019-06-13,1.0,31.122591889452554,0.0010555999999999999,0.00127372,0.00022388,0.00126888,0.00437449,0.07097,0.001768,2.848173205703328,0.0025635775705237823,0.017901118902803083,0.00017927827142328814
2019-06-14,1.0,32.253902722229384,0.0010428,0.00127014,0.00022131,0.00127383,0.00735538,0.07198,0.001741,2.832506754137293,0.0028261690622929498,0.018498670744147287,0.0001837359239749182
2019-06-15,1.0,32.95435821387378,0.0009937000000000001,0.00121024,0.00021698,0.00127157,0.00622712,0.0688,0.001588,2.7735559971909614,0.0029597199155637173,0.01773363109764463,0.00016647784087426022
2019-06-16,1.0,32.89581894141254,0.0009954,0.0012289000000000002,0.00021821,0.00133622,0.00641314,0.06974,0.001523,2.7151177197000886,0.002447843408526185,0.016682697762975596,0.0001533168604227724
2019-06-17,1.0,33.44257909169956,0.0010012999999999999,0.00125108,0.00021107,0.001295,0.00621153,0.06941,0.001493,2.7333967729956985,0.0024289806182649946,0.01942497078134438,0.00019826075622074308
2019-06-18,1.0,34.086648259876604,0.0009992,0.00126164,0.00020814,0.00126167,0.00719538,0.06846000000000001,0.001436,2.701055509578189,0.0023462279685661108,0.016970423643989138,0.00017387192180221543
2019-06-19,1.0,34.31237990667033,0.0009853,0.00132497,0.00021444,0.00127576,0.00687824,0.06836,0.00147,2.7067630357889825,0.0024080277552430804,0.01647031891796248,0.00017881495293626515
2019-06-20,1.0,34.51370193967005,0.001006,0.0012699999999999999,0.00021783,0.00126856,0.00684846,0.06796,0.001442,2.6870133772834106,0.002400208129084071,0.015566627572029491,0.0001823867027205222
2019-06-21,1.0,35.084026242851635,0.0009544,0.00121686,0.00020869999999999998,0.00121018,0.00652618,0.06597,0.001303,2.6418421244804176,0.0021345292641124763,0.015763779224582334,0.0001919397109619864
2019-06-22,1.0,34.52085059375863,0.0008462999999999999,0.00111091,0.00018933,0.00113308,0.00573692,0.0615,0.001141,2.535642788785728,0.0020152370096656663,0.014370448221558722,0.0001771677877940473
2019-06-23,1.0,34.53396415374521,0.0008343,0.00106906,0.00017838,0.00112224,0.00592685,0.05975,0.0010960000000000002,2.4516262748893185,0.0018686802864913976,0.014063779448970469,0.00019504014003024123
2019-06-24,1.0,35.35317825072474,0.0008657999999999999,0.00105204,0.00017571,0.00111301,0.00588456,0.05901,0.001098,2.405918655936253,0.0018389230938208028,0.013651241386187798,0.00019009083354116599
2019-06-25,1.0,35.459735470373396,0.0008869999999999999,0.00103821,0.00017434,0.00108967,0.00598661,0.05885,0.001068,2.350479061240748,0.0018159882437881192,0.01305373633161582,0.00018453470638955615
2019-06-26,1.0,37.14434291657381,0.0008514,0.00099233,0.00016366,0.00106362,0.00688279,0.05657,0.000999,2.3924623591491194,0.0016715632352845287,0.013998942061366796,0.00019737022937026385
2019-06-27,1.0,38.574294090418135,0.0007973,0.00089449,0.00014821,0.00096675,0.00673641,0.052829999999999995,0.001268,2.223163782888936,0.0016409065298191438,0.012311733498753018,0.0002085774891572426
2019-06-28,1.0,37.969396666286976,0.0008102000000000001,0.00097064,0.00015421,0.00107296,0.00767415,0.05678,0.001216,2.2270604774305616,0.00162040003957169,0.0137327112527008,0.00021919482140264103
2019-06-29,1.0,39.902637564343,0.0008316,0.00093771,0.00014977,0.00101554,0.00975295,0.05458,0.0012439999999999999,2.2646296698217983,0.001798166460269805,0.011867619067601526,0.00024418945901341703
2019-06-30,1.0,37.444768965775474,0.0008333,0.00102223,0.00015737,0.00100079,0.0117191,0.053079999999999995,0.0012380000000000002,2.178754356637988,0.0016399481276911,0.01158935132380798,0.00023691074882106598
2019-07-01,1.0,37.0823599213854,0.0008531000000000001,0.00101106,0.00017085,0.00102313,0.01161715,0.0536,0.001295,2.178384716052542,0.001840001228235338,0.011526903601620144,0.00025678557110728157
2019-07-02,1.0,36.01137959595232,0.0008623,0.00112758,0.00016509,0.00105122,0.01236407,0.05169,0.001332,2.102597589506559,0.002229625742957459,0.012107127614221004,0.00030691021180586384
2019-07-03,1.0,37.20514919264827,0.0008302999999999999,0.00110467,0.00015767,0.00101087,0.01286222,0.05095,0.001201,2.1537082154169,0.002093958509397445,0.011647903108654531,0.00040617579126030553
2019-07-04,1.0,39.65107057890563,0.000799,0.00102326,0.00017482,0.00100302,0.01156808,0.04808,0.00116,2.190298048779093,0.00234576998647388,0.01244616515329114,0.00032062236480206465
2019-07-05,1.0,39.41663381947182,0.0008339,0.00103932,0.00021066,0.00102165,0.01222202,0.05026,0.001242,2.2905051234282117,0.002388688036198384,0.012413153226968402,0.00035754711966894733
2019-07-06,1.0,38.207312879685176,0.000822,0.00102469,0.00018988,0.00100695,0.01269626,0.04965,0.001196,2.280176782032658,0.0023195352190651807,0.011743831090265198,0.00034080449830703284
2019-07-07,1.0,39.05487209529388,0.000839,0.00102307,0.00017955,0.00102393,0.01203299,0.04995,0.001256,2.32508129535157,0.0021196922864582107,0.011919264388831764,0.0003211714697026771
2019-07-08,1.0,37.434956762624935,0.0008116,0.00097669,0.00016927,0.00097569,0.01077063,0.04861,0.001169,2.2947739110290386,0.00214690992183472,0.01159800354195612,0.00026830690598776224
2019-07-09,1.0,39.23568878251658,0.0007896,0.00094981,0.00016446,0.00093194,0.01067428,0.046830000000000004,0.0010810000000000001,2.2684582293408577,0.002329168484407257,0.011928275293815129,0.0002601528016568861
2019-07-10,1.0,40.78802463596689,0.0008031000000000001,0.00096182,0.00017203,0.00095355,0.00996455,0.05284,0.00106,2.4218462273098447,0.0025832875079953386,0.011961650514319893,0.0003419295114013407
2019-07-11,1.0,41.89183528130368,0.0007938,0.00102454,0.00017139,0.00093568,0.01081822,0.05315,0.001033,2.3893097210877894,0.002665039697836261,0.012121268536111032,0.00035872398461406007
2019-07-12,1.0,42.23508045782828,0.0007869,0.00109998,0.00016718,0.00094809,0.0103675,0.05252999999999999,0.001016,2.5194700815153186,0.0026868138572492123,0.011974946534934966,0.0003877092084059277
2019-07-13,1.0,42.8192172647084,0.0008118,0.001052,0.00017039,0.00096923,0.01156146,0.056179999999999994,0.001083,2.4151539507057413,0.0027145461562483987,0.011920536122920504,0.00037744333934400134
2019-07-14,1.0,42.25828262339419,0.0007997000000000001,0.00105869,0.00017277,0.00095255,0.01179585,0.054229999999999993,0.001129,2.44225686181644,0.002850206710353285,0.012001350142378462,0.00035097757356815324
2019-07-15,1.0,45.053162732023786,0.0008277000000000001,0.00108575,0.00018121,0.00098028,0.01228265,0.05864,0.001254,2.5878015300108803,0.002999163852509406,0.012548583675031682,0.00035927670999928794
2019-07-16,1.0,47.46985664103293,0.0008273999999999999,0.00107911,0.00018582,0.00107204,0.01179591,0.05625,0.001266,2.582479234812941,0.003365878055596841,0.013908965458432985,0.00033185344583187327
2019-07-17,1.0,47.418085257717294,0.0008003,0.00102439,0.00019065,0.00108827,0.01102531,0.05409,0.001295,2.4403217480123196,0.003727157997377932,0.01691489678103319,0.00030728785188019833
2019-07-18,1.0,45.86735161911751,0.0007901,0.00102433,0.00019168,0.00108059,0.01134999,0.053110000000000004,0.001253,2.4693497602460552,0.003548820761550655,0.018358611901848874,0.00030418982594384143
2019-07-19,1.0,47.067683328626565,0.0007831,0.00103311,0.00019125,0.0010475,0.01186836,0.05371,0.001207,2.4748102560618093,0.003606389359549143,0.02132003733349269,0.00031773107308863434
2019-07-20,1.0,47.58732273722281,0.0008334,0.0011118,0.00021769,0.00106213,0.01179591,0.05602000000000001,0.0012490000000000001,2.516198960814488,0.003543875119568907,0.02356791282603154,0.00037060170046038997
2019-07-21,1.0,47.05660910074821,0.0008372999999999999,0.00111667,0.00020756,0.00108432,0.0115621,0.055999999999999994,0.001256,2.4856555411803596,0.0033185188730653764,0.026942692591865297,0.0004276374265805713
2019-07-22,1.0,46.968202526889286,0.0008392000000000001,0.00110206,0.00020535,0.00107897,0.01124202,0.05612,0.001228,2.5462896271970696,0.003386931363058725,0.03115032649266997,0.00042386150200255935
2019-07-23,1.0,47.52174119659745,0.0008554999999999999,0.00113074,0.00021109999999999998,0.00108387,0.01106377,0.05584,0.001273,2.546508494430506,0.003799779530215611,0.02206676160866989,0.0005511143299339521
2019-07-24,1.0,46.43172215257464,0.0008443999999999999,0.00108401,0.00019299,0.00105581,0.01105,0.05536,0.001224,2.6462040836033447,0.003816082119757203,0.021619825110620727,0.0005840401851386563
2019-07-25,1.0,45.14672686230249,0.0008283999999999999,0.00107421,0.00019188,0.00104714,0.01110973,0.05454,0.001224,2.7026635709911906,0.003962080960947721,0.022892085252581604,0.0005466200236299356
2019-07-26,1.0,45.08972855983407,0.0008523999999999999,0.00106642,0.00019015,0.00107041,0.01080314,0.05214,0.001351,2.630703462763788,0.0038003550607004955,0.02208706143225204,0.0006159304135269733
2019-07-27,1.0,44.907490569426976,0.0008906000000000001,0.00120027,0.00019271,0.00107065,0.01095565,0.05259,0.001344,2.7574442439659332,0.0038164573681631828,0.021367767041284645,0.000588279771646072
2019-07-28,1.0,45.72264642677518,0.0008769,0.0013055999999999999,0.00019846,0.0010779000000000001,0.01079634,0.0533,0.001341,2.7518459515431943,0.0038635876744771537,0.02089878107092869,0.0005375283621493288
2019-07-29,1.0,45.103964638491725,0.0008935000000000001,0.00121678,0.00019467,0.00107594,0.01049538,0.05296,0.001344,2.732026037623315,0.003840001189178703,0.021748373618563476,0.0005594787414488144
2019-07-30,1.0,45.077533357374676,0.0010147,0.0012044,0.00019369,0.00105289,0.01007898,0.053279999999999994,0.001426,2.692765542229965,0.0037078511204533017,0.023654508709364832,0.0005194733354527589
2019-07-31,1.0,45.682960255824575,0.0009492000000000001,0.0011757999999999998,0.00019228,0.00106699,0.00984316,0.0554,0.001322,2.722998753040082,0.0039376505258337,0.024049175387371582,0.0005000420323707438
2019-08-01,1.0,46.15739672282484,0.0008814,0.00113014,0.00018584,0.0010245,0.01015301,0.05296,0.001232,2.6915734261668844,0.00381263169006952,0.0227318248926986,0.00046810903590166643
2019-08-02,1.0,47.8537589127626,0.0008511000000000001,0.00108899,0.00018374,0.00101001,0.00997932,0.051329999999999994,0.001392,2.7488334283186253,0.004301367418420192,0.02436654892815431,0.0004591200931637301
2019-08-03,1.0,48.33486393735803,0.0008514,0.00108713,0.00018612,0.00098949,0.0111788,0.05127999999999999,0.00135,2.7588551496944294,0.0042695149237663935,0.025338763385690025,0.0005522663401594103
2019-08-04,1.0,48.69497467861318,0.0008240999999999999,0.00105834,0.00018114,0.00096752,0.01090303,0.05,0.001382,2.6901653481451877,0.004187796315824431,0.02582056988683513,0.0004929215122776459
2019-08-05,1.0,49.27564797477087,0.0008335,0.00106389,0.00017819,0.00095218,0.01133332,0.04893,0.001374,2.642392749098552,0.004032352266719916,0.02590666307311944,0.0005654325893426443
2019-08-06,1.0,50.65342923715936,0.0007928999999999999,0.00100125,0.00016725,0.00090869,0.01052843,0.05051,0.001273,2.5361203643237538,0.003757305681577191,0.0257527987268038,0.0006095060192768596
2019-08-07,1.0,50.748540979446844,0.0007607,0.00095963,0.00017021,0.00087952,0.01097012,0.04804,0.001347,2.4619677398956936,0.003555108592962525,0.02513547406056273,0.0005714397155121082
2019-08-08,1.0,52.96049147336088,0.0007611,0.00098259,0.0001766,0.00087113,0.01054183,0.0493,0.001297,2.4176743730522308,0.0034930036299292066,0.026383964918853312,0.000536164431236636
2019-08-09,1.0,54.197604465882605,0.0007724,0.0009480000000000001,0.00018403,0.0008513,0.01030014,0.05042,0.001268,2.430532041827049,0.0038366696732919,0.02453616866946541,0.000577700199413765
2019-08-10,1.0,56.417489421720724,0.0007617000000000001,0.00094693,0.000202,0.00089787,0.01028973,0.051579999999999994,0.001242,2.3866498082258323,0.003965022516332282,0.02327255016845956,0.0006050759668819175
2019-08-11,1.0,54.78251342171579,0.0007796,0.00098028,0.00019348,0.00092935,0.01130143,0.052570000000000006,0.001225,2.3883259719761862,0.0039301608361280976,0.022640503678472368,0.0005550901752331258
2019-08-12,1.0,53.35040546308152,0.000776,0.00096118,0.00018715,0.00089548,0.01120228,0.051210000000000006,0.001196,2.3634172734051497,0.003817161848183904,0.021855805713435518,0.0005300996620802857
2019-08-13,1.0,53.87350501023596,0.0007892,0.00096455,0.00019013,0.00088858,0.01130918,0.05197,0.001216,2.2866395143345297,0.003771943165570804,0.021921712841186443,0.0005239099859750076
2019-08-14,1.0,52.05080158234437,0.000782,0.00094444,0.00019296,0.00086832,0.01155365,0.050539999999999995,0.001216,2.2693758861777185,0.003673499103282607,0.022585173293043832,0.0004984532968662802
2019-08-15,1.0,53.74321491911647,0.0007964,0.00090118,0.00019826,0.00086812,0.01218222,0.05219,0.00119,2.4242524587322065,0.003761473542271177,0.021953447537666936,0.0004902724472719402
2019-08-16,1.0,54.7795124623391,0.0007847,0.0009957,0.00019088,0.00092851,0.01285335,0.05319,0.0011949999999999999,2.5364292749695334,0.0036301640167507023,0.021854900032465114,0.0005611446716881607
2019-08-17,1.0,55.887777343095074,0.0008142999999999999,0.0009651,0.00018700000000000002,0.00094162,0.01244952,0.051789999999999996,0.00119,2.738970572163597,0.003631786850046236,0.02227679924699673,0.0005232215327799907
2019-08-18,1.0,55.03880235566074,0.0008132999999999999,0.0009502000000000001,0.00019034,0.00092225,0.01293449,0.051089999999999997,0.001214,2.794821144460782,0.0036786919033209133,0.022369006329952076,0.000517219824165327
2019-08-19,1.0,53.02508086324831,0.0008068,0.00095244,0.00018972,0.00090222,0.01289,0.04967,0.001204,2.620821379372124,0.003501435009268523,0.02122608910236073,0.0004793706057762342
2019-08-20,1.0,53.96654074473825,0.0007748,0.0009137,0.00018438,0.00086476,0.01234693,0.0507,0.001129,2.5576981731451376,0.0035612702002888654,0.021085996232584614,0.0004863072441435749
2019-08-21,1.0,54.746523595751675,0.0009163,0.00091341,0.00017878,0.00085586,0.01200986,0.050769999999999996,0.0011380000000000001,2.6081714270064635,0.003587555742760921,0.021869700880666785,0.00047770522814001104
2019-08-22,1.0,54.09791723018665,0.0009285,0.00097505,0.00018456,0.0009175,0.01175956,0.05255,0.0011539999999999999,2.6454552269169547,0.003586174693846485,0.021524095260351872,0.0004456766439121581
2019-08-23,1.0,53.039142887450936,0.0009354,0.0010508,0.00018058,0.00092558,0.01169877,0.052110000000000004,0.001175,2.594054948412373,0.0034717345926791395,0.021787754339603328,0.00045705235428594834
2019-08-24,1.0,53.593440162924054,0.0009777999999999998,0.00103739,0.00018004,0.00095437,0.01153466,0.05055,0.0011330000000000001,2.6152229996712664,0.003498941270793446,0.022691477881566974,0.00043442782401563305
2019-08-25,1.0,53.1575590048905,0.0009697000000000001,0.00106472,0.00019954,0.00097256,0.01138356,0.0515,0.001279,2.621529171351596,0.003616674523505509,0.02137374654575929,0.0004155771903108165
2019-08-26,1.0,54.33601391001956,0.0010077999999999999,0.00102718,0.00019194,0.00095982,0.01114,0.051539999999999996,0.001216,2.686692276397071,0.003580734391091993,0.02104183221406972,0.00041872174110901166
2019-08-27,1.0,55.00852632157985,0.0009883,0.00099688,0.00018899999999999999,0.00094344,0.01100238,0.0512,0.001227,2.738723088643144,0.0034699096864166308,0.022037977528451543,0.00039660572942484335
2019-08-28,1.0,54.37146585471946,0.0009906000000000001,0.00100795,0.00018709,0.00091711,0.01128069,0.05033,0.001208,2.796004388160895,0.003427747457533425,0.021837328057280083,0.0004417601942751965
2019-08-29,1.0,56.18293162537221,0.0009452999999999999,0.00105589,0.00018303,0.00091335,0.01096629,0.04834,0.0012289999999999998,2.726378786954112,0.003565629998121782,0.02077760741187977,0.0004069483058917708
2019-08-30,1.0,56.16399887672003,0.0009288,0.00100851,0.00018538,0.0009080999999999999,0.01053796,0.047889999999999995,0.001214,2.816440568386647,0.0034576779998871468,0.02051170682907081,0.00037083621736443487
2019-08-31,1.0,56.87958591661453,0.0009593,0.00106053,0.00019001,0.00097422,0.01066613,0.048060000000000005,0.001196,2.75037685241976,0.0034708513964029327,0.021694244314021862,0.0004074959139698338
2019-09-01,1.0,55.8909009613235,0.0009447000000000001,0.00102964,0.00018679,0.00094327,0.0103693,0.04646,0.001199,2.7602592565172572,0.003341726142276193,0.02111232448845443,0.00037049443801301564
2019-09-02,1.0,56.96382796923953,0.0009251,0.00105982,0.00018471,0.00093836,0.01036468,0.04691,0.001174,2.7796473647227855,0.00325037890471663,0.02089715159141032,0.0003556360296807317
2019-09-03,1.0,58.095625399407425,0.0009142000000000001,0.00103236,0.000178,0.0009720000000000001,0.01027456,0.04567,0.0011099999999999999,2.7368579610101365,0.003753646693514968,0.02162032556053224,0.0003320393101840074
2019-09-04,1.0,59.37184587068811,0.0009044000000000001,0.00100141,0.00017715,0.000958,0.010377500000000001,0.04609,0.001065,2.6292426108567373,0.002925675123651046,0.021380461203944316,0.00031014732101052717
2019-09-05,1.0,60.4668037247551,0.0009079000000000001,0.00100879,0.00019871,0.00094115,0.01018283,0.048389999999999996,0.001094,2.644481967118879,0.0029919103108025477,0.021970399728929363,0.000300012571479167
2019-09-06,1.0,60.812454390659205,0.0010402999999999999,0.00099493,0.00019072,0.00091492,0.01032588,0.0524,0.00106,2.655872244863273,0.003063758771921561,0.021784925807023132,0.000290616615150311
2019-09-07,1.0,60.91989034419738,0.0010734000000000002,0.000985,0.00018677,0.00092363,0.01017959,0.06598,0.0010199999999999999,2.5000195969669226,0.0038245091646916603,0.021707511530936398,0.0002816760594229465
2019-09-08,1.0,58.87201224537854,0.0010325,0.00098034,0.0001797,0.00092272,0.009936799999999999,0.06114,0.001048,2.4463356733389827,0.0035823749646599094,0.0209445931498097,0.00029183937871209246
2019-09-09,1.0,57.31644408780879,0.0010035,0.00097306,0.00017538,0.00088994,0.01009639,0.059879999999999996,0.001042,2.443163468800103,0.00416241812701656,0.02101395522760216,0.00025884533813290943
2019-09-10,1.0,57.074367901375496,0.0009857000000000002,0.00095463,0.00018037,0.00090557,0.00989163,0.05898,0.001053,2.6350281109955542,0.003754405491116001,0.0209770301477822,0.0002488814461644146
2019-09-11,1.0,56.15138413161884,0.0010345999999999999,0.00095603,0.00018037,0.00089649,0.01002523,0.05699,0.001036,2.6823455453711222,0.003774955763122313,0.020781597918787788,0.0002484060184072032
2019-09-12,1.0,56.97031846408022,0.0011359000000000002,0.00095681,0.00017458,0.00087602,0.00968705,0.05753,0.00105,2.6394547596629465,0.003680066376520215,0.020767689115536784,0.0002443327265727204
2019-09-13,1.0,57.63024435223606,0.0011036,0.00095068,0.00017069,0.0008888,0.00943498,0.05828,0.00112,2.543911188315445,0.003814083180979649,0.02070695099488197,0.0002115581801941032
2019-09-14,1.0,57.155921353452214,0.0010789,0.00094894,0.00016959,0.00089073,0.00871258,0.05775,0.001179,2.5586130248232792,0.004848037560413038,0.020445482294099853,0.0002162643116567743
2019-09-15,1.0,54.92091388400703,0.0011677,0.00092102,0.00016742,0.0008782,0.00831466,0.05665,0.001111,2.505737764716832,0.0042144792570880905,0.019932980619421538,0.00021142884995324694
2019-09-16,1.0,54.49591280653951,0.0011553,0.00091784,0.00016784,0.00087055,0.00850134,0.05516,0.00114,2.4926092631765,0.003972746059038279,0.019406797690344903,0.0002339695691744897
2019-09-17,1.0,51.96694902042301,0.0010792999999999998,0.00090101,0.00016457,0.00083248,0.00799718,0.0526,0.001118,2.3800113018542866,0.004138731368633118,0.019016671041833813,0.0002138104932999931
2019-09-18,1.0,49.012400137234714,0.0010955,0.00089158,0.00015856,0.0008441000000000001,0.00781452,0.050980000000000004,0.001052,2.4965849304841576,0.004518836238222536,0.020192172803643257,0.0002032492984841664
2019-09-19,1.0,48.3045116413873,0.0011351,0.00093971,0.00016072,0.00091646,0.00858305,0.0508,0.001181,2.50165115949837,0.004225393824309113,0.02062344787814568,0.0002226542551960305
2019-09-20,1.0,46.51595497255559,0.0010341,0.00088623,0.00015014,0.00103073,0.00848564,0.04879,0.001125,2.4909740959957665,0.0040999464658023005,0.020007960721864018,0.0002364211240719276
2019-09-21,1.0,46.63526558783752,0.0010374,0.00096996,0.00015834,0.00106501,0.00837639,0.05001,0.0011220000000000002,2.5218450035712014,0.004125935103596467,0.020480949483557824,0.00026015204056208536
2019-09-22,1.0,46.43603436266543,0.0009842,0.0009557000000000001,0.00015649,0.00114557,0.00874983,0.05022,0.001097,2.5554777325150813,0.004119956065335116,0.019671758999606825,0.0002538461172437836
2019-09-23,1.0,47.478871902003604,0.0009675,0.0009042,0.00015473,0.001113,0.00856693,0.04965,0.001066,2.5388600384324294,0.004269679733508615,0.01940594211762199,0.00023328970189693686
2019-09-24,1.0,48.21135859608524,0.0009915,0.00092921,0.00015314,0.00104144,0.00898555,0.052520000000000004,0.0010220000000000001,2.4901943397317745,0.004199456726855922,0.01969484172445522,0.00021794465790114169
2019-09-25,1.0,51.2610211195407,0.0009689999999999999,0.00094073,0.00016016,0.00113907,0.01035986,0.05306,0.001101,2.6259861783852663,0.004143589515902469,0.01991993790015091,0.00020553164812094757
2019-09-26,1.0,49.59825414145422,0.0009869,0.00094627,0.00015984,0.00124939,0.0103,0.05112,0.001129,2.6378845618863824,0.004015877574372707,0.019823045246419684,0.00022579637881374015
2019-09-27,1.0,48.59558752065313,0.0010438,0.00091759,0.00016187,0.0013250999999999998,0.00994222,0.04808,0.001192,2.680592187145261,0.0042195210798333825,0.01936163552647735,0.00022174649679889327
2019-09-28,1.0,47.043326904078654,0.001044,0.0009648999999999999,0.00015798,0.00122587,0.00955984,0.04773,0.001142,2.6071839846194305,0.00417204628098205,0.0188947463567251,0.00022177026347183033
2019-09-29,1.0,47.26344645051518,0.0010665999999999998,0.00094372,0.00015654,0.00121855,0.00964509,0.04819,0.001186,2.5521284848780734,0.00438307508069558,0.018981763792980097,0.0002220766588883313
2019-09-30,1.0,47.52399961980801,0.0010318,0.00093647,0.00015893,0.00118765,0.01004157,0.04819,0.001214,2.54428881879342,0.004601192188718279,0.01942961514245198,0.00024245269793446466
2019-10-01,1.0,45.84422133590061,0.0010555,0.0009547000000000001,0.00014955,0.00113144,0.00978361,0.04657,0.001218,2.478299109607049,0.004114378164927111,0.018766769601576885,0.00022203174338643046
2019-10-02,1.0,47.20989519403267,0.0010414,0.00093115,0.00015579,0.00120328,0.01040435,0.04671,0.001186,2.506039229970113,0.004165712709656505,0.01912614234547966,0.00022950984195086783
2019-10-03,1.0,46.369284985625534,0.0010311,0.00093824,0.00015372,0.0011520999999999999,0.01118481,0.04604,0.001235,2.506039229970113,0.004165712709656505,0.01912614234547966,0.00022950984195086783
2019-10-04,1.0,47.08097928436911,0.0010553,0.00103664,0.00016603,0.00121045,0.01113413,0.04686,0.001266,2.5094773321114725,0.004072721158133603,0.02054765638437755,0.00023535080786192002
2019-10-05,1.0,46.33705574347806,0.0010945,0.00106074,0.00017587,0.00125312,0.01123847,0.04628,0.001417,2.5099255009779298,0.00408027951632926,0.02062680973998309,0.00023699624310064775
2019-10-06,1.0,46.119079463173904,0.0011359999999999999,0.00111638,0.00017338,0.0012519999999999999,0.01112716,0.04637,0.001344,2.515230331320965,0.003916681277197821,0.020184698681547767,0.0002468618944150932
2019-10-07,1.0,46.18724308346034,0.0010767,0.00108989,0.00016311,0.00124373,0.01270704,0.04676,0.0013369999999999999,2.49420401205735,0.00407620048109742,0.019615463797800596,0.00025155263650888173
2019-10-08,1.0,45.53734061930784,0.0010677,0.00107814,0.00017113,0.00122002,0.01332327,0.0461,0.001385,2.494184561887954,0.0038025634451595374,0.019425012426100004,0.00024727564904402613
2019-10-09,1.0,45.2509163310557,0.0011034,0.00116058,0.0001757,0.00143533,0.01427808,0.04641,0.0015609999999999999,2.4997201383098484,0.003683536030737104,0.019315928012571072,0.0002785470503603292
2019-10-10,1.0,44.454323182929535,0.0010046,0.00107296,0.00016271,0.001324,0.01456833,0.04439,0.0014730000000000001,2.7872585302690007,0.0037136318884825,0.019960545306713668,0.000325288416610528
2019-10-11,1.0,44.76275738585496,0.0010237,0.00101705,0.00015647,0.00141944,0.01377167,0.044360000000000004,0.001516,2.762937982059376,0.0037453012223111993,0.0205542696565734,0.0003094303037599895
2019-10-12,1.0,45.714285714285715,0.001037,0.00104526,0.00017149,0.00141944,0.01524415,0.04484,0.001441,2.7685678581956457,0.0047030489018849205,0.02079693707954055,0.0003274502995782209
2019-10-13,1.0,46.20218074293107,0.0010815,0.00109799,0.00017669,0.00142998,0.0144673,0.04555,0.0016539999999999999,2.808666073213665,0.004875209476366273,0.021355565807445704,0.0003420300850226737
2019-10-14,1.0,45.7184656882915,0.0010630999999999998,0.00112107,0.00017644,0.0016420000000000002,0.01371296,0.04527,0.00183,2.7561553723808467,0.004818977776722454,0.02094347346550662,0.00033344371073910987
2019-10-15,1.0,44.698730556052205,0.0010507,0.00114979,0.00017581,0.00177519,0.01354059,0.04433,0.001652,2.7347214741837287,0.004754706475344173,0.020849330205028656,0.00035463769972796067
2019-10-16,1.0,45.21408871004207,0.0010774,0.00123098,0.00018421,0.001748,0.013273599999999998,0.0449,0.001883,2.7542149085349994,0.004629573637613006,0.02236350714187131,0.0003460312568503751
2019-10-17,1.0,45.80222598818303,0.0010442000000000001,0.00125205,0.0001881,0.00177254,0.01359598,0.046239999999999996,0.002046,2.7609939468567872,0.004813357404811766,0.022161539884542742,0.0003266007567686061
2019-10-18,1.0,45.558086560364465,0.0010669,0.00125042,0.00018117,0.0017699999999999999,0.0136524,0.0465,0.001987,2.7420894648068708,0.0044572854165630055,0.022239397653741992,0.00032011182528104314
2019-10-19,1.0,45.99392880139822,0.0010662,0.0012678,0.00017426,0.00173253,0.01363824,0.04796,0.0018739999999999998,2.807717057988173,0.004367395918513361,0.02213341184005432,0.0003106927628397223
2019-10-20,1.0,46.257748172818935,0.0010622,0.00122081,0.00017131,0.00185454,0.01368358,0.04721,0.001778,2.8440173338450845,0.004615735061783653,0.022005426306508587,0.0003181102425582733
2019-10-21,1.0,46.937338652898376,0.0010364,0.0012900000000000001,0.00016799,0.00188929,0.01397462,0.04677,0.001838,2.843199660013187,0.004430351996481357,0.02215542805813781,0.00031101502356979763
2019-10-22,1.0,47.1186919851105,0.0010179,0.001239,0.00017205,0.00185489,0.01510357,0.0473,0.001853,2.8153839824797386,0.0043587434569894255,0.02213214022605109,0.00031471574432255083
2019-10-23,1.0,46.84498992832716,0.0009779,0.00140036,0.00017006,0.0018137000000000001,0.01525839,0.04645,0.0019260000000000002,2.8232796882194084,0.004126871360601295,0.02170684375696412,0.00033413363673983183
2019-10-24,1.0,45.99392880139822,0.0009862,0.00148504,0.00016624,0.00180411,0.01607916,0.04564,0.002081,2.819780766934707,0.004139550984269907,0.022036009219020776,0.00031788429266332987
2019-10-25,1.0,46.21712806766189,0.0010211,0.00147005,0.00017044,0.00186045,0.01696635,0.04688,0.002412,2.853665001534853,0.004127655163457282,0.021819319759805243,0.000329711701030273
2019-10-26,1.0,47.696270151674135,0.0009722000000000001,0.0013855,0.00016192,0.00168518,0.01559194,0.04409,0.0025210000000000002,2.8750899254798234,0.004074507339272281,0.021763687688504302,0.0003189839002190118
2019-10-27,1.0,51.445621977569715,0.0009568999999999999,0.00130697,0.00017945,0.00163391,0.01526313,0.04582,0.002676,2.8323068873359563,0.004286466574562081,0.023446053294629343,0.0002832394032605968
2019-10-28,1.0,51.83495749533486,0.0009812000000000002,0.00129927,0.00017284,0.00155379,0.01447599,0.04556,0.002793,2.8159964906982062,0.0043374110557097036,0.022496226544311142,0.0002800716370106349
2019-10-29,1.0,50.67139599695972,0.0009972000000000002,0.00130245,0.00017317,0.00157512,0.01466815,0.04922,0.003018,2.804098461537857,0.004127042045140811,0.023638990914981232,0.00028234275502166296
2019-10-30,1.0,49.392472587177714,0.0009439,0.00122714,0.0001647,0.00146585,0.01399778,0.0482,0.0034200000000000003,2.826023044843088,0.004000665088571096,0.02322092061157456,0.0002657433309679601
2019-10-31,1.0,49.980007996801284,0.0009455,0.00128109,0.00016612,0.0014759999999999999,0.01422731,0.04868,0.003378,2.803489753500052,0.003917732791656645,0.023953885036968825,0.00026961987998603106
2019-11-01,1.0,50.17309718528925,0.0009559,0.0012767999999999998,0.00017235,0.00149394,0.0149411,0.04912,0.003329,2.8619863880555982,0.003919029117334048,0.023700558238122185,0.0002726461356332532
2019-11-02,1.0,50.482104094098645,0.0009685000000000001,0.001286,0.00017553,0.00162919,0.014819999999999998,0.04936,0.003343,2.9130109850028174,0.003968369827265071,0.02428972549700497,0.00028874506382745285
2019-11-03,1.0,50.79236082893133,0.0009727000000000001,0.00127633,0.000172,0.0016059999999999998,0.01474959,0.054060000000000004,0.003761,2.8844671389869725,0.004058451391889151,0.024232240455237936,0.0002976882171360227
2019-11-04,1.0,50.65086359722433,0.0009702,0.00127131,0.0001726,0.00162419,0.01463966,0.05633,0.003729,2.8630854155073737,0.004368762867660295,0.024831167742626614,0.0002930171917636027
2019-11-05,1.0,50.58424806515252,0.0009727000000000001,0.00131364,0.0001691,0.00158379,0.01439191,0.06548999999999999,0.0034170000000000003,2.9182114213127544,0.004129560708367286,0.024477271755511648,0.00027851373476360086
2019-11-06,1.0,49.341293728721574,0.0009555,0.0013259,0.00016585,0.00153709,0.01418578,0.06435,0.003453,2.9301466446480275,0.004005979102827588,0.02345613058393644,0.00027853271864891404
2019-11-07,1.0,48.85675200312683,0.0009314999999999999,0.0013785,0.00016531,0.00161627,0.01438112,0.05989,0.003478,2.9615015879071525,0.004067920065656943,0.0234193467447432,0.00031531628227777364
2019-11-08,1.0,49.36321453253036,0.00095,0.00134666,0.00016893,0.00163068,0.01430704,0.06034,0.003572,3.5441460638007167,0.004051722166857379,0.02333210957280756,0.00030776690579084186
2019-11-09,1.0,47.753211403466885,0.0009302999999999999,0.00129436,0.00016391,0.0015970000000000001,0.01475006,0.06087000000000001,0.003351,3.5647785922411703,0.003953131672659911,0.023184265082573402,0.0002958767352204873
2019-11-10,1.0,47.630388187663726,0.0009394000000000001,0.00134442,0.00016446,0.00164693,0.01518295,0.06704,0.003389,3.5874776450662167,0.0040040990936735825,0.023356779598766097,0.0003108859103584446
2019-11-11,1.0,47.833157945087535,0.0009410999999999999,0.00129739,0.00016258,0.0016277999999999998,0.0147237,0.06426,0.0037560000000000002,3.5088303198473025,0.004047423538260637,0.023193453133658618,0.00029507412414453063
2019-11-12,1.0,47.22104169617982,0.0009779,0.00129651,0.00016206,0.00163802,0.01487214,0.0642,0.0038380000000000003,3.537469682995273,0.003948715915462675,0.02207795960517058,0.00030065167784549667
2019-11-13,1.0,47.140904162541844,0.0009477999999999999,0.00129032,0.00015881,0.00161846,0.01510467,0.062220000000000004,0.003894,3.5128151857660384,0.004098513093590773,0.0224080897321838,0.000310077430867495
2019-11-14,1.0,46.663555762949144,0.0009880000000000002,0.00134769,0.00015963,0.0016005,0.01602458,0.061239999999999996,0.003997,3.4819312481823266,0.003851368757513165,0.021710399599374985,0.00031261049707582186
2019-11-15,1.0,46.75737597606022,0.0009734,0.001389,0.00016109999999999999,0.001565,0.0164325,0.060629999999999996,0.0038520000000000004,3.5142841704008485,0.0037794974418108172,0.022409581173465056,0.00033288130088485147
2019-11-16,1.0,47.06546806607992,0.0009536,0.00139414,0.00016055,0.00153938,0.01687507,0.0603,0.003889,3.4362653997505377,0.00382671719738179,0.02253607870755895,0.0003165038883239459
2019-11-17,1.0,46.557102285953725,0.000949,0.00146777,0.00015942,0.00154699,0.01635751,0.06076,0.004173,3.373586942967735,0.003858886064119572,0.021850536226251098,0.000315573722359056
2019-11-18,1.0,46.25132972572961,0.000947,0.0014976,0.0001604,0.00149964,0.01582301,0.06337999999999999,0.004454,3.6092291791903364,0.003828174014262051,0.0218882087133254,0.0003043703793243848
2019-11-19,1.0,45.94954739695814,0.0009362,0.00147921,0.00016183,0.00146794,0.01567354,0.06135,0.004287,3.650026038318839,0.003523878949087909,0.022456203966136543,0.00028684504196454695
2019-11-20,1.0,46.229947760159035,0.0009725,0.00141685,0.00015622,0.00147354,0.01551288,0.059410000000000004,0.004111,3.3996874494491864,0.003542991522482764,0.02216309324459838,0.000295736864082162
2019-11-21,1.0,46.34349800722958,0.0009644,0.00133569,0.00015401,0.001505,0.01548744,0.06907999999999999,0.004201,3.320581640871663,0.003680684181167411,0.0224609364700818,0.0002836544947209145
2019-11-22,1.0,47.377647226038754,0.0009814000000000001,0.00137816,0.00015569,0.00163067,0.01578382,0.0711,0.004077,3.2859383560928572,0.003641691957843399,0.022682732447044395,0.00030465531527903907
2019-11-23,1.0,48.59794916654517,0.0010093,0.00146705,0.00015436,0.00162332,0.01568022,0.07217,0.004371,3.4362811536234403,0.003708364078523787,0.023032827243087684,0.00030359554770997485
2019-11-24,1.0,48.15563902532987,0.0010279000000000002,0.00145124,0.0001533,0.00163081,0.01599643,0.07417,0.004906000000000001,3.621700105716135,0.003676348917645753,0.023019202446212157,0.00031043245454041423
2019-11-25,1.0,49.3120962572119,0.0010442000000000001,0.00144545,0.0001472,0.00167625,0.01584895,0.07325,0.004728,3.3798296823192846,0.003617671711081928,0.022750288868664464,0.00030290278074647883
2019-11-26,1.0,48.76859302609118,0.0009843,0.00139667,0.00014727,0.00162465,0.01547016,0.0718,0.004536999999999999,3.6290582802697986,0.003573110936080147,0.02265574451210135,0.0002696872186429222
2019-11-27,1.0,48.522490174195745,0.0010228,0.00137559,0.00015209999999999998,0.00167088,0.01521322,0.07372999999999999,0.004446,3.6267706931387664,0.0036353661186303,0.022683633241791182,0.00027509593843553435
2019-11-28,1.0,49.20291281243849,0.0010767,0.00132066,0.00016258,0.00171346,0.01458149,0.0709,0.0042,3.567302106718658,0.00373436289532338,0.022869860416748145,0.000267869755175972
2019-11-29,1.0,49.21259842519686,0.0011127,0.00136366,0.00016777,0.00176334,0.01508381,0.07048,0.00447,3.619364342286193,0.0037238670530395377,0.023340087427122156,0.00026892953525857536
2019-11-30,1.0,50.100200400801604,0.0012036,0.00139115,0.00017072,0.00176411,0.01518144,0.07053,0.004566,3.5396831742545545,0.0039158865452582365,0.02349680020376947,0.00026964143468853385
2019-12-01,1.0,49.80575754557227,0.0012049,0.00134539,0.00016828,0.00170119,0.01477363,0.07147,0.0045,3.5582393671461894,0.003667206221768714,0.02328268774826417,0.00026919641898245705
2019-12-02,1.0,49.038838760298155,0.0012057,0.00129237,0.00016243,0.00171952,0.01435563,0.07067999999999999,0.004093,3.4728080085604947,0.0036083608246131275,0.02278582961156146,0.0002561911615289216
2019-12-03,1.0,49.07252919815488,0.0012129,0.00126627,0.0001606,0.0016671,0.01408895,0.06874,0.003854,3.7955126486814517,0.003577870671920049,0.022970103482448663,0.0002538541725866694
2019-12-04,1.0,49.551558396511574,0.0013582000000000002,0.00132777,0.00016571,0.00164808,0.01442663,0.06881,0.0036270000000000004,3.6797159871677247,0.0037515819410040975,0.022858084862750733,0.0002648198570236292
2019-12-05,1.0,49.463322946035525,0.0013205,0.00124883,0.00016269999999999997,0.00157267,0.01395741,0.06841,0.003595,3.4071297658903803,0.003662805122705821,0.021449408486895437,0.0002424921129490231
2019-12-06,1.0,49.88775255674732,0.001655,0.00125509,0.00016406,0.00155638,0.01354643,0.07167000000000001,0.0036509999999999997,3.421540640174168,0.003518980567341614,0.020940836845073117,0.00025670538532247594
2019-12-07,1.0,50.704796673765344,0.0017905999999999998,0.00130186,0.00016988,0.00163277,0.01410759,0.0705,0.0036590000000000004,3.3932515876209917,0.0035876772607108406,0.0215037110487418,0.0002629374436796364
2019-12-08,1.0,50.89058524173028,0.0016177,0.00127351,0.00017025,0.00160495,0.01392135,0.07063,0.003691,3.4008584353803237,0.0035887293445215117,0.02083589111619894,0.00026434936976954684
2019-12-09,1.0,49.935084390292616,0.0016300999999999998,0.0012545,0.00017875,0.001575,0.01366967,0.06925,0.004026,3.369126984892683,0.0035352417312943477,0.02023316130786269,0.00025074088402434136
2019-12-10,1.0,49.800796812749006,0.0014777000000000002,0.00125189,0.00018099,0.00157119,0.01424313,0.069,0.0038380000000000003,3.4113554817893577,0.0035158454086100773,0.01982131339646868,0.00025136410732767156
2019-12-11,1.0,49.63025460320611,0.0013493000000000001,0.00119818,0.00018671,0.0015522,0.01558382,0.0702,0.003675,3.470474984007978,0.003464267034178642,0.019472620829855188,0.0002369045761944678
2019-12-12,1.0,50.28157683024939,0.0014214,0.00123107,0.00019347,0.00154932,0.01518258,0.0706,0.0038450000000000003,3.4567592955777617,0.003392636177903393,0.018683494625982944,0.00023627909194901323
2019-12-13,1.0,49.68697207592171,0.0015381,0.00119857,0.00017603,0.0014949000000000002,0.01453118,0.06992000000000001,0.004139,3.4069151115201457,0.0032681170284147264,0.019321654598043383,0.00023371466888311734
2019-12-14,1.0,50.12280086211217,0.0015140000000000002,0.00129495,0.00018137,0.00152584,0.014296399999999999,0.06953,0.00366,3.521738804702018,0.0032805461656515962,0.01898112048794948,0.0002389709752394229
2019-12-15,1.0,49.82064567556796,0.0014018,0.00126547,0.00017681,0.00149534,0.01405925,0.06917999999999999,0.003293,3.5615763767546924,0.00323252573195571,0.019711870336195515,0.000257533330398792
2019-12-16,1.0,49.96752111127768,0.0015379,0.0012863,0.00018611,0.00145884,0.01452506,0.0701,0.0032329999999999998,3.4714621105445214,0.003359387525239109,0.019463847078592902,0.00025287868986128783
2019-12-17,1.0,51.92377589698322,0.0017158000000000002,0.00131103,0.00020033,0.00145636,0.01483147,0.0718,0.00314,3.4943356814585536,0.0032993501818528803,0.01971654193715844,0.00024353676042519922
2019-12-18,1.0,54.318305268875605,0.0016428,0.00127076,0.00020843,0.0014609999999999998,0.0144191,0.07167000000000001,0.003057,3.4242481674090084,0.0034294528847848204,0.01915203920219964,0.00023872319894670225
2019-12-19,1.0,54.79151827297135,0.0016814,0.00126855,0.00019830000000000002,0.00150988,0.01408668,0.07549,0.003163,3.460576951073212,0.003400077433530445,0.019098947439314774,0.0002408972546439666
2019-12-20,1.0,55.816030363920504,0.0015462,0.00130701,0.00021482,0.001459,0.01408875,0.07468999999999999,0.003476,3.7166635095345755,0.0034487764953464567,0.01881434465847875,0.00024510869203501004
2019-12-21,1.0,56.072670180554,0.0015071,0.00132263,0.00023148,0.0015036,0.01496,0.07664,0.003379,3.7612324854077612,0.003352340523300867,0.01916590950528493,0.00024670737569556107
2019-12-22,1.0,56.15138413161884,0.001497,0.00130501,0.00023280000000000002,0.001508,0.0146415,0.07749,0.003193,3.853479511618791,0.0033492065556911268,0.01911743437087581,0.0002530740617593615
2019-12-23,1.0,56.76657584014532,0.0014380999999999999,0.00130564,0.00021994,0.00145373,0.01448775,0.07461,0.00295,3.837839863988414,0.003410917960983809,0.02050513722488853,0.0002494502106608667
2019-12-24,1.0,57.263929450838916,0.0014558,0.00127001,0.00022353,0.0014355000000000001,0.01461735,0.07656,0.003014,3.560482955310748,0.003307961877689714,0.021000427027132517,0.0002565738658514917
2019-12-25,1.0,56.81172594023406,0.0014571,0.00129175,0.00023426,0.00143707,0.014430000000000002,0.07639,0.0030269999999999997,3.5680795620606074,0.0033489580981273183,0.022028979641873288,0.0002712416270307001
2019-12-26,1.0,57.57383844780932,0.0014714,0.00128129,0.00024478,0.00145347,0.01426587,0.07516,0.0029980000000000002,3.5234327673403207,0.003320593752579003,0.021802596058197742,0.000258568940147458
2019-12-27,1.0,57.34602592040372,0.0014294,0.00131161,0.00026797,0.00144555,0.01474259,0.07400000000000001,0.002884,3.4700340128117984,0.0033466979119969034,0.022523662113183858,0.00025864632077033777
2019-12-28,1.0,57.441553219599065,0.0014060000000000001,0.00134484,0.00027119,0.00147011,0.01489454,0.07302,0.003089,3.3862843327823358,0.003504193278266815,0.021647437673399827,0.0002590415205631282
2019-12-29,1.0,57.10043967338548,0.0013991,0.00145038,0.00027214,0.00144444,0.01462676,0.07092999999999999,0.0028699999999999997,3.394562878615329,0.003334928154239753,0.022490641024794214,0.00024371905491193165
2019-12-30,1.0,54.99037668408029,0.0014142000000000002,0.00142619,0.00024857,0.001468,0.01414995,0.06845,0.0028710000000000003,3.35798963238572,0.003217597127473381,0.023054942004736016,0.00023176160145525561
2019-12-31,1.0,55.06304718903144,0.0014089999999999999,0.00142883,0.00024193,0.00143198,0.01387813,0.0687,0.002841,3.358199827574067,0.0031619835748979237,0.02336914180283548,0.00024119509511729393
2020-01-01,1.0,55.69789461958339,0.0014426999999999999,0.00140297,0.00023456,0.00140578,0.01373155,0.06838999999999999,0.0031739999999999997,3.3627527069481586,0.0031056073838770424,0.02237463822736789,0.00023883084512416525
2020-01-02,1.0,55.090348171000436,0.0014248,0.00150269,0.00024065,0.00140031,0.01389137,0.06713999999999999,0.0031940000000000002,3.3485428010064977,0.0029754033887905585,0.02343262663090416,0.00024462073515060773
2020-01-03,1.0,54.773511529824184,0.0014640999999999999,0.00143788,0.00025699,0.00137823,0.01369022,0.0674,0.002972,3.3387357745886463,0.002957413619287364,0.023082861465808967,0.00027880244761380906
2020-01-04,1.0,54.650781506175534,0.0014976,0.00138447,0.00024428,0.00135464,0.01343463,0.06592,0.0029920000000000003,3.3081239444978934,0.0029905296005099907,0.022918321260356568,0.00026410275377194693
2020-01-05,1.0,54.803529347289974,0.0014803,0.00140163,0.00026556,0.00139258,0.01360503,0.06797,0.002973,3.2693394296207017,0.0030719193453032237,0.024007019963202345,0.00026352626315062253
2020-01-06,1.0,54.34782608695652,0.0015629,0.00138573,0.0002693,0.00138551,0.01328952,0.06922,0.002993,3.28878313514658,0.0028800082419645962,0.023460544481027436,0.00026008942238218264
2020-01-07,1.0,53.83000484470044,0.0015034,0.00133079,0.00025677,0.00136279,0.01340036,0.06694,0.002731,3.227029123822608,0.0031823861288479897,0.02298631305208227,0.00027876241255469743
2020-01-08,1.0,57.051574623459615,0.0013924000000000002,0.00134764,0.00023344,0.00130987,0.01470283,0.06649,0.00303,3.2706955003382494,0.0037975011455394173,0.022672983445660305,0.0002698000373116628
2020-01-09,1.0,57.23443223443223,0.0014257,0.00130038,0.00024205,0.00151133,0.01555102,0.06792999999999999,0.0031,3.4206089713560535,0.003966738924243908,0.023206981280639798,0.0002851733859328248
2020-01-10,1.0,56.753688989784344,0.0014035,0.001342,0.00024299,0.001485,0.01591211,0.06781000000000001,0.00302,3.4051703945970004,0.004023336659113451,0.02383822627432631,0.0002973936891188084
2020-01-11,1.0,56.58669081032141,0.0014035999999999999,0.00129315,0.00022247,0.00140797,0.01537399,0.06475,0.00299,3.3420093297150237,0.0037999229733458187,0.02408182814767133,0.00031660132545216377
2020-01-12,1.0,56.32850785782684,0.001438,0.00132309,0.00022232,0.00145206,0.01599265,0.06648,0.0029690000000000003,3.353002730285132,0.003980609225227227,0.023346990800941027,0.0003193441236080198
2020-01-13,1.0,55.85344057193923,0.0014002,0.00129785,0.00022297,0.001489,0.01528053,0.06552999999999999,0.003112,3.375685075857732,0.003789019253739286,0.02355914546658611,0.00030701155587851313
2020-01-14,1.0,56.48441030275645,0.0015142,0.00130204,0.00021995,0.00146629,0.01525251,0.06607,0.0033159999999999995,3.3698695469191886,0.003789621695745753,0.023897101845003398,0.00031843371187288764
2020-01-15,1.0,53.19431884674717,0.001325,0.00129203,0.00020008,0.00143942,0.01434632,0.060829999999999995,0.003046,3.2176125933853745,0.0034167781192767656,0.023623323055046826,0.00026424941154383805
2020-01-16,1.0,53.01102629346904,0.00145,0.00132527,0.00021569,0.00147796,0.01441565,0.0988,0.003136,3.186069380129248,0.0034086692964186392,0.02362945482874858,0.0002793511572652005
2020-01-17,1.0,53.11520688373082,0.0015099,0.00132476,0.00022062,0.001505,0.01516605,0.09627999999999999,0.0034649999999999998,3.2241566768837804,0.003418344390534147,0.023762725132084925,0.00026610063573393995
2020-01-18,1.0,52.45488879563576,0.0016155000000000002,0.00133507,0.00022522,0.001491,0.01585083,0.08822,0.0032450000000000005,3.0097986945092283,0.003362337640259363,0.024172687387971868,0.0002636384787354538
2020-01-19,1.0,51.20589891955554,0.0016328,0.0012814,0.00021457,0.00139892,0.01594121,0.08023999999999999,0.003038,2.9539125640967927,0.003369253807846387,0.023469814287833176,0.0002546527287903793
2020-01-20,1.0,52.162119868551464,0.0015357,0.00128099,0.0002149,0.00139067,0.0157287,0.08127999999999999,0.002964,3.031055620608456,0.003511755209742691,0.023841932477064374,0.00025534005892160897
2020-01-21,1.0,51.79468586523024,0.0016204000000000001,0.00133869,0.00021049,0.00138961,0.01613406,0.08386,0.00296,2.8911070243958226,0.003397590521841033,0.023978238341642758,0.0002483160077792287
2020-01-22,1.0,51.55436407691911,0.0015604000000000002,0.00130165,0.0002019,0.00142587,0.01577335,0.08273,0.0029100000000000003,2.8672219677866693,0.0034371443472635908,0.024786850935048718,0.00025018248885815377
2020-01-23,1.0,51.655560721111634,0.00155,0.00129927,0.00020325,0.00143986,0.01572351,0.08298,0.00297,2.8297296156082727,0.0034399376354719486,0.02968730049358457,0.00024852628402810046
2020-01-24,1.0,51.62356099323731,0.0015398,0.00127335,0.00020567,0.00140402,0.01514993,0.08412,0.003042,2.8817439030497636,0.003465674549132398,0.0343536916146998,0.00024639347545166374
2020-01-25,1.0,51.921079958463146,0.0016173,0.00127946,0.00020590000000000002,0.00139465,0.01538828,0.09254,0.003186,2.8629435488812915,0.0036045012339682154,0.04208171270784454,0.00024679829717689627
2020-01-26,1.0,52.01560468140442,0.0016907,0.00126961,0.00021041,0.00139985,0.01526714,0.09153,0.003095,2.8477039232906853,0.0036339006882268967,0.042311784459589684,0.00025160263437659555
2020-01-27,1.0,51.31099594643132,0.0017057000000000003,0.00126126,0.00021054,0.00137167,0.01537091,0.08599,0.003116,2.850863654662507,0.003652987713981514,0.03690594829200867,0.00024549205957535917
2020-01-28,1.0,52.388935456831526,0.0016922999999999999,0.00133591,0.00020743,0.00135939,0.01535269,0.08523,0.003006,2.846230561429615,0.0037878825843044783,0.03469158767532074,0.00024473452787890024
2020-01-29,1.0,53.3845825325646,0.0016477,0.00126307,0.00020146,0.001317,0.01513038,0.08316,0.003211,3.0210660992135696,0.003938886225926228,0.034110935999321045,0.0002474812036457301
2020-01-30,1.0,53.54178936660064,0.0015895999999999998,0.00125771,0.00020843,0.00130001,0.01599893,0.08135,0.0033299999999999996,2.983233796489177,0.0039183329478461775,0.03266999580545972,0.00024703043739157893
2020-01-31,1.0,51.51452709664125,0.0015999,0.00120816,0.0001949,0.0012615,0.01577,0.07933,0.003682,2.947391340076849,0.003916856595149089,0.030956738971007793,0.00023522957451563585
2020-02-01,1.0,51.964248596965284,0.001639,0.00121932,0.00019614,0.0012719,0.01569804,0.07864,0.003714,3.0253000954255964,0.003973585576624353,0.030664199594039324,0.00024732636123620807
2020-02-02,1.0,51.11429155591904,0.0016286999999999999,0.0012229,0.00019697,0.00126444,0.01546984,0.07753,0.0037329999999999998,3.0051270656820184,0.003824586825744372,0.029506342720483074,0.00024095897843043467
2020-02-03,1.0,49.5319233245827,0.0016032,0.00119118,0.00019871,0.0012735,0.01502034,0.07608999999999999,0.0034509999999999996,2.9246724128049664,0.00383782912883135,0.027827495589460103,0.00024608555639132657
2020-02-04,1.0,48.976393378391606,0.0016501999999999999,0.0012354,0.00020634,0.00124172,0.01457858,0.08005,0.0037240000000000003,2.9287304425264487,0.0038426066421506453,0.02744285952262397,0.00025212089266419646
2020-02-05,1.0,48.680751630805176,0.0018611,0.00128506,0.00022462,0.00134812,0.01450815,0.08156000000000001,0.003797,2.9148660614700197,0.0038294372149720174,0.02772784925366532,0.000287140615368195
2020-02-06,1.0,47.16981132075472,0.0016802,0.00123695,0.00021094,0.00125984,0.01392832,0.07714,0.003443,2.7940589664256525,0.003836053113945583,0.02656634056416934,0.00026119302803934743
2020-02-07,1.0,45.83791712504584,0.0016557000000000002,0.0012447,0.00022236,0.00130936,0.01352935,0.07341,0.003611,2.6829757528924927,0.0039118458340509895,0.027193200182516676,0.0002809390922233357
2020-02-08,1.0,43.92708104546453,0.0015613,0.00117895,0.00022919,0.0012433,0.014828299999999999,0.07105,0.0034950000000000003,2.588206551412396,0.0038293600076432866,0.02507338282450873,0.00025938571549500493
2020-02-09,1.0,44.363604099197026,0.0015868,0.00114555,0.00025215,0.00121988,0.01534153,0.07242,0.003312,2.5710559387031733,0.003467506386868974,0.024985114522923572,0.00025073731964351983
2020-02-10,1.0,44.418780260294064,0.0015653,0.00118984,0.00028399,0.0012929999999999999,0.01532125,0.07159,0.0031420000000000003,2.568347177626563,0.003601559285060941,0.024820222426805608,0.0002579419201680386
2020-02-11,1.0,44.19694157164325,0.0016155000000000002,0.00118572,0.00027109,0.001276,0.01523198,0.07306,0.003247,2.550399999074145,0.003608939379613815,0.024804985400715667,0.00025304354028501675
2020-02-12,1.0,43.189081800120924,0.001545,0.00123796,0.00027234,0.00127298,0.01687706,0.07095,0.0032530000000000002,2.4787090982724838,0.0034137043259068267,0.024065673109096103,0.0002566865857815539
2020-02-13,1.0,38.862117208145506,0.0014255000000000001,0.00114165,0.00023344,0.001165,0.01503225,0.06464,0.002817,2.3039777762273568,0.003060543865173959,0.02230323723087597,0.00022666517707416788
2020-02-14,1.0,38.122831763943424,0.0016706,0.00109862,0.00022685,0.00119221,0.01443583,0.060739999999999995,0.0027,2.328429102806581,0.0029707551330985624,0.022581362027314287,0.00023791306152651343
2020-02-15,1.0,36.26867836936022,0.0016225000000000002,0.00109311,0.00021701,0.00121063,0.01556238,0.0576,0.002576,2.241244374075996,0.0028843437285242853,0.02199809743138892,0.00023470137109679663
2020-02-16,1.0,37.394360930371704,0.0016600999999999999,0.00105647,0.00021864,0.0012109999999999998,0.0163097,0.055729999999999995,0.002592,2.2853125922195177,0.0028775970079261844,0.02112840891310036,0.0002289531070704728
2020-02-17,1.0,38.299502106472616,0.0016152,0.00101501,0.00021598,0.00115295,0.01722325,0.055720000000000006,0.0024809999999999997,2.410804230985665,0.002810543798617403,0.02158157587234877,0.000246181815127296
2020-02-18,1.0,36.231884057971016,0.001607,0.00099876,0.00020745,0.00108745,0.01607901,0.052000000000000005,0.002344,2.280241439312722,0.0027301077863609077,0.020856869062810604,0.00022960509707137768
2020-02-19,1.0,35.971223021582745,0.0016962,0.00099745,0.00023161,0.00109066,0.0161032,0.050789999999999995,0.0024230000000000002,2.2461416662713405,0.0028258060691758965,0.02003649426003174,0.0002186311812276188
2020-02-20,1.0,37.12365890782196,0.0018962,0.0009998,0.00022417,0.00108229,0.01697665,0.05217,0.002359,2.481188856047425,0.0030992727740911147,0.01948777365929701,0.0002174903248948833
2020-02-21,1.0,37.339905156640896,0.0019662,0.00099972,0.00021044,0.00108,0.01659875,0.05365,0.002311,2.486719898454853,0.003400623894397616,0.01920981851961631,0.00023996340389452665
2020-02-22,1.0,36.485697606538245,0.0022011999999999995,0.00100454,0.00020778,0.00108172,0.0161457,0.0514,0.0027329999999999998,2.371700477753191,0.00391177696313711,0.019304443325392558,0.00023936398061081264
2020-02-23,1.0,36.90581635665781,0.0021378,0.00103778,0.00019495,0.00107192,0.01571663,0.04988,0.002537,2.4409382026277857,0.004825780770170314,0.01937337587085873,0.00023867999784210023
2020-02-24,1.0,36.19516432604605,0.0021599,0.00100316,0.00020963,0.00105318,0.01542698,0.05045,0.002478,2.38021186895235,0.004765041950114496,0.019636775260128997,0.00023342055323651904
2020-02-25,1.0,36.35173943073176,0.0021849,0.00096896,0.00019396,0.00100457,0.01477049,0.04956,0.002408,2.3905927308676445,0.004581039629898461,0.01828711772442669,0.00022227346094646241
2020-02-26,1.0,37.77148253068933,0.0022697,0.00094708,0.000176,0.00102268,0.01416783,0.05145,0.002368,2.363886269453197,0.00429771849777664,0.019640633053421237,0.00022895781342033617
2020-02-27,1.0,39.23568878251658,0.0021236999999999996,0.00097767,0.0001706,0.00104009,0.01595195,0.04963,0.0023309999999999997,2.3936721986075926,0.00411925674364102,0.01904645346408646,0.00023315581809836694
2020-02-28,1.0,38.740169681943215,0.0023787,0.00097052,0.00017688,0.00107247,0.01741684,0.05076,0.002326,2.4948559300363504,0.004392551752837793,0.018171853610203643,0.0002380809402113724
2020-02-29,1.0,38.33326944455093,0.0023524,0.00094751,0.00017519999999999998,0.001047,0.01839917,0.050089999999999996,0.002306,2.561876411300854,0.004222198944011427,0.018669650730735773,0.00023688343667392872
2020-03-01,1.0,39.218762255863204,0.002984,0.0009658,0.00016861,0.00104935,0.01873119,0.05094,0.0024010000000000004,2.5300918607672016,0.004232981389903768,0.019188121018188068,0.0002351687582116924
2020-03-02,1.0,39.18495297805643,0.0036305,0.00096417,0.00016987,0.00105495,0.01776926,0.05686,0.0023510000000000002,2.4917200983685484,0.00497948712236442,0.018902892229758144,0.0002524124661871434
2020-03-03,1.0,38.4172109104879,0.0030418000000000003,0.00098548,0.00018083,0.00108196,0.0182586,0.054520000000000006,0.002434,2.48689534391984,0.004984701305064162,0.01844903249845557,0.0002768765696016044
2020-03-04,1.0,39.12975426514322,0.0029631999999999996,0.00100071,0.00018858,0.0011363,0.02048903,0.05476,0.0025960000000000002,2.38527755542951,0.0059247881927426095,0.018899893013295727,0.0002751479428448087
2020-03-05,1.0,39.02134467553753,0.0030283000000000003,0.00103541,0.00020882,0.00117498,0.02071628,0.056139999999999995,0.002724,2.42729636622419,0.005459169477603981,0.01944542795265813,0.00029241382255165715
2020-03-06,1.0,39.64949843384481,0.0030423000000000004,0.00102806,0.00020832,0.00121059,0.02066664,0.05487,0.002653,2.391686868817882,0.00528237106121124,0.019225077424314885,0.00031394368841984426
2020-03-07,1.0,37.28560775540641,0.0031578,0.00098864,0.00019929,0.00115706,0.01912364,0.05185,0.0024760000000000003,2.4149540857119542,0.005880577506876964,0.019039111561301503,0.0002770835025292477
2020-03-08,1.0,37.46440881162895,0.0033909999999999995,0.00096167,0.00018555,0.00111003,0.01833187,0.05294,0.002358,2.5759828936373883,0.005825524483617205,0.019695228208537183,0.0003466453917387968
2020-03-09,1.0,40.29333548231123,0.0034944000000000004,0.00096453,0.00018283,0.00112389,0.02036104,0.054920000000000004,0.002531,2.5748842267577,0.005978609305751522,0.01996662917260026,0.00037029717390917337
2020-03-10,1.0,39.105271390583454,0.0036029000000000005,0.0009607999999999998,0.00017230000000000001,0.00109243,0.02036017,0.0589,0.0022949999999999997,2.5625905884461715,0.005756348219676429,0.01897737709879372,0.0003312716916714782
2020-03-11,1.0,39.332913782252994,0.0038994,0.00101192,0.00018305,0.00119631,0.02034687,0.05823,0.002379,2.503105737739705,0.005799367105652539,0.0189386290015682,0.00036032299103015784
2020-03-12,1.0,40.773057163826145,0.0040906,0.00102951,0.0001809,0.00116401,0.01961541,0.05851,0.00236,2.5251661007839714,0.005855973270899318,0.018845803391581657,0.0003920199059718123
2020-03-13,1.0,44.620945071616624,0.0039216,0.00103317,0.00016625,0.00136313,0.01849911,0.059079999999999994,0.0019079999999999998,1.8995982224560808,0.005213112721853246,0.02000224754818573,0.0003472001671650773
2020-03-14,1.0,41.56794280251071,0.0039946999999999995,0.0009908,0.00017339999999999999,0.00124818,0.01811654,0.05856,0.001987,2.3750429326104188,0.004613736814555492,0.019628448457312042,0.0003153983635539175
2020-03-15,1.0,42.24578598284821,0.0038411,0.00100562,0.00018811,0.00127652,0.01747746,0.06045,0.0020329999999999997,1.973420362875945,0.004706110711940257,0.020042198159018795,0.00032513883244249676
2020-03-16,1.0,43.32004851845434,0.0038349000000000005,0.00099864,0.00019975,0.00127888,0.01691192,0.0606,0.001998,1.710939251561771,0.00488736163922188,0.01959053499990956,0.00030479358374754616
2020-03-17,1.0,45.29806124297879,0.0035534,0.00100742,0.00019982,0.00123959,0.01610204,0.06059,0.0018969999999999998,1.8425092528115063,0.004250440297537186,0.01967972843181909,0.00026536664136867416
2020-03-18,1.0,45.93266271645767,0.0039837,0.00101717,0.00019609,0.00123475,0.01613681,0.0624,0.002101,1.8061635224850567,0.004556454986401332,0.020749792005362297,0.00029105074837770605
2020-03-19,1.0,45.67670031516924,0.003916599999999999,0.00101176,0.00018647,0.00123144,0.01650863,0.0681,0.0021579999999999998,1.7950849238795181,0.00459503150761069,0.02076364195218926,0.0002796714015820602
2020-03-20,1.0,45.20795660036167,0.0037328,0.00099719,0.00018199,0.00119224,0.01645911,0.06444,0.0020239999999999998,1.9743607416961568,0.005032725981059725,0.020552830598933848,0.000291263150546962
2020-03-21,1.0,46.518118807275435,0.0036558,0.00100822,0.00018561,0.00114393,0.01695916,0.061239999999999996,0.002117,1.9219354388812264,0.005085557902677865,0.020414034565677492,0.0002945168458665274
2020-03-22,1.0,46.65702421499557,0.0036152000000000003,0.00102995,0.00018701,0.00117167,0.01717345,0.06509,0.002066,2.0500155196159344,0.004887391637899885,0.02021250930473091,0.00030451919700568466
2020-03-23,1.0,47.55337866755434,0.00345,0.0010154,0.00018853,0.00115329,0.01627489,0.06376,0.002015,2.08530865664234,0.004984217225438431,0.020741913292724384,0.00028951761777246734
2020-03-24,1.0,47.5827940616673,0.0034518,0.00099271,0.00018692,0.00111305,0.01656713,0.06217,0.002146,2.0024515972205084,0.0052255275281009655,0.02049864935171827,0.00030579026977016905
2020-03-25,1.0,48.71869823638313,0.0034284,0.00110783,0.00019269,0.00109815,0.01666154,0.062470000000000005,0.002111,2.0157859096506665,0.0053915959672264785,0.020375951584850786,0.00029823611216164283
2020-03-26,1.0,49.07493742945478,0.0033593000000000004,0.00108802,0.00018887,0.00115579,0.01657142,0.06806,0.002131,2.0636105019424646,0.00578664445781799,0.02141763793739318,0.00031185356489882364
2020-03-27,1.0,48.66653688923496,0.0032887,0.00109645,0.00018528,0.00114611,0.01671765,0.07435,0.002105,2.4714276209750463,0.005413254535071283,0.021257080441051842,0.00032931831718680665
2020-03-28,1.0,48.43318641933453,0.0034006,0.00106367,0.00018303,0.00114364,0.01628569,0.07552,0.002333,2.337024785160341,0.005629572144566371,0.021261297677245026,0.0003202279263366896
2020-03-29,1.0,47.62585131209221,0.0033599000000000003,0.00105478,0.00018347,0.0011444,0.01630446,0.07665,0.0022559999999999998,2.3529465828392357,0.0053857463011315575,0.020639162202339623,0.00032166108691187385
2020-03-30,1.0,47.26344645051518,0.0033798,0.00104385,0.00017862,0.0011522,0.01613776,0.07676000000000001,0.002111,2.316230618434488,0.005502124537621331,0.021135550980947212,0.00030705538941055624
2020-03-31,1.0,48.405053487584105,0.0033264,0.00105217,0.00018758,0.00113711,0.01619385,0.07567,0.0022660000000000002,2.2188390444036954,0.005690148886068539,0.020448702043089902,0.00033262882818350784
2020-04-01,1.0,48.29518014102193,0.00328,0.0010628,0.00019728,0.00115171,0.0170676,0.07627,0.00227,2.1893965559929995,0.005504926320887312,0.020409490227876588,0.00034828494084564263
2020-04-02,1.0,48.966800509254725,0.0032478999999999997,0.00104963,0.00019307,0.00111575,0.01679591,0.07472999999999999,0.0022199999999999998,2.1681513365813867,0.005443487365695071,0.019787915696334597,0.0003463425475302187
2020-04-03,1.0,48.08385824878589,0.0030858,0.00101613,0.00018395,0.00109495,0.01623358,0.07117000000000001,0.002196,2.1286165018559906,0.0054438606450633795,0.01918782397158911,0.00034172143884477315
2020-04-04,1.0,47.637195121951216,0.0030636999999999995,0.00102533,0.00018246,0.00110316,0.01631587,0.07007000000000001,0.0022890000000000002,2.116854923491241,0.005401184357684547,0.019151069208360124,0.00035663342801299297
2020-04-05,1.0,47.585058291696406,0.0031145,0.00101784,0.00018182,0.0010856,0.01606991,0.06838999999999999,0.002194,2.1571960797918432,0.005651286070865547,0.018634636748840184,0.00035989499943685585
2020-04-06,1.0,47.46535029428517,0.0030269999999999997,0.00102229,0.00018257,0.00107432,0.0158585,0.06783,0.002264,2.090727590656277,0.005670702620195499,0.01893310275901161,0.00035489568778124427
2020-04-07,1.0,42.77708859135047,0.0026848,0.00094407,0.00016235,0.0009899,0.01492857,0.05987000000000001,0.0020329999999999997,1.9041259761715736,0.005250193176997081,0.01747925979393961,0.0003016675613368106
2020-04-08,1.0,43.72158097236797,0.0029583,0.00098004,0.00016653,0.00103025,0.01659119,0.06157000000000001,0.002101,1.9589391134839496,0.005236746150650422,0.017973938948027384,0.000307194660141824
2020-04-09,1.0,42.51700680272109,0.0029827,0.00096341,0.00016405,0.00102817,0.01831645,0.06006,0.0020800000000000003,1.8614744203292424,0.005164974431230226,0.01818375022596898,0.00030532403991301787
2020-04-10,1.0,42.95532646048109,0.0030036999999999998,0.00101492,0.0001724,0.00112023,0.01954477,0.06226,0.00209,1.9266503676321491,0.0052622410655992465,0.018479424805905014,0.00032275655361951503
2020-04-11,1.0,43.46314325452017,0.0029678,0.00102911,0.00016827,0.00107291,0.0204271,0.061579999999999996,0.002017,1.8982611024172371,0.004960301146089764,0.018179407242892368,0.00031743107842911825
2020-04-12,1.0,43.43671270958214,0.0030848000000000004,0.00102025,0.00016756,0.00108082,0.02084067,0.06275,0.002003,1.8787809699728064,0.005199946917464595,0.01796596448332684,0.0003124632179879291
2020-04-13,1.0,43.521782652217425,0.0029927,0.00100714,0.00016809,0.00106609,0.02153562,0.06151,0.002025,1.8183842632451082,0.0052842530386824575,0.017649001164911676,0.0003295832012611025
2020-04-14,1.0,43.752187609380464,0.0029611999999999998,0.00101375,0.00016842,0.0010674,0.02159974,0.06362000000000001,0.001994,1.8944408866250864,0.005140414105902109,0.01762551177865576,0.0003299752687620002
2020-04-15,1.0,43.34821622090252,0.0029676,0.0010475,0.0001717,0.00107583,0.02056464,0.06255,0.001945,1.840871516798412,0.005464313594806009,0.01743110301313462,0.00033033417196372576
2020-04-16,1.0,43.35197468244679,0.0030454,0.00101736,0.00017122,0.00107388,0.02040367,0.06295,0.0019199999999999998,1.8522517178075693,0.005336682004671392,0.017444785043746344,0.00032428755622878084
2020-04-17,1.0,41.208225161742284,0.0027817,0.00096416,0.00016109999999999999,0.00100097,0.02023975,0.0582,0.0018219999999999998,1.7107031003639896,0.0051445710582224136,0.016281147662474092,0.00032092688225012557
2020-04-18,1.0,41.17768169652049,0.0027662,0.00096588,0.00016676,0.00100599,0.02021562,0.058089999999999996,0.001784,1.7521855005166225,0.005184471261658079,0.01654165309712204,0.0003451377246532607
2020-04-19,1.0,38.67873443180939,0.0026195,0.00091209,0.00015875,0.00095793,0.02021315,0.054529999999999995,0.0017059999999999998,1.6991063788304333,0.00513932226693664,0.015734950978726424,0.00033337281229375463
2020-04-20,1.0,39.56322202880202,0.0026386,0.000917,0.00016098,0.00095329,0.01994196,0.055639999999999995,0.001702,1.7604557615774674,0.005372461706550003,0.016059847436311545,0.00033578282845620394
2020-04-21,1.0,40.115532734274716,0.0026831999999999997,0.00091636,0.00015831,0.00098472,0.02019619,0.05602000000000001,0.001639,1.7541167932816328,0.005401965952773954,0.01693468932174628,0.000326047583943058
2020-04-22,1.0,40.070524122455524,0.0026844,0.00092715,0.00015793,0.00099,0.02027112,0.056389999999999996,0.0016489999999999999,1.826679979263525,0.0055874499821928,0.01635920798968378,0.00032182593798423307
2020-04-23,1.0,38.990915116777785,0.0025797,0.00090505,0.00015363,0.00094033,0.02013016,0.054360000000000006,0.001622,1.8074794515993649,0.005516445766263655,0.015830869358915825,0.00032838635493469417
2020-04-24,1.0,40.325832728445846,0.0025569000000000004,0.00090349,0.00015515,0.00095276,0.02024106,0.05407000000000001,0.0017530000000000002,1.7911501159258032,0.0054814794532196155,0.016113861788825453,0.00032948392999396784
2020-04-25,1.0,40.01120313687832,0.0027419000000000002,0.00094709,0.00015604,0.00099212,0.02013228,0.05424,0.001698,1.7973326202164368,0.0052721188326797066,0.015741673784164516,0.0003411632061376706
2020-04-26,1.0,38.81535535457827,0.0028706,0.00094421,0.00014963,0.00095371,0.01946796,0.05272,0.0017460000000000002,1.7139479567941842,0.005149187692965293,0.015542842711070556,0.00032941722674850786
2020-04-27,1.0,38.965087281795505,0.0035229,0.00093219,0.00015468,0.00100635,0.01882197,0.052860000000000004,0.001698,1.7487018757960664,0.00509778721612238,0.015693846431673725,0.00032392899105359246
2020-04-28,1.0,39.600823697132896,0.0034064,0.0009186,0.00016363,0.00105312,0.01852639,0.05335,0.0016809999999999998,1.7247599625949452,0.0050758795573974174,0.015962801516214577,0.00033626130702328497
2020-04-29,1.0,39.43217665615143,0.0033966,0.00093499,0.00016689,0.00104215,0.01856542,0.05372999999999999,0.001801,1.7031279041466012,0.004936796461309139,0.016005656909828594,0.00033474666864694654
2020-04-30,1.0,40.75643951744375,0.0031398000000000003,0.00090161,0.00015674,0.00099451,0.01807752,0.051039999999999995,0.0016820000000000001,1.6053205710327412,0.004892162567796888,0.015645874163663268,0.0003221923992490791
2020-05-01,1.0,41.84450581638632,0.0033641999999999995,0.00088218,0.00015308,0.00095797,0.01798187,0.0514,0.001645,1.629869676164771,0.004893043960675376,0.015729415748305615,0.0003300247384888826
2020-05-02,1.0,41.63024020648599,0.0032735,0.00088503,0.00015878,0.00100935,0.0177476,0.05167000000000001,0.0016190000000000002,1.6417488315826991,0.004616183904292026,0.015261256878202182,0.00031579040325625487
2020-05-03,1.0,41.94806829145518,0.0032278,0.00089205,0.00017175,0.00099943,0.01786632,0.05276,0.001609,1.6523549958846466,0.004603795437662184,0.01600243515150024,0.00031336542081876326
2020-05-04,1.0,42.38365686191405,0.0031498,0.00087899,0.00016382,0.00098579,0.01771163,0.05171,0.001544,1.6751083517221597,0.004596855154656515,0.016224405543769745,0.0003061156247813253
2020-05-05,1.0,42.95717169981529,0.0032884999999999998,0.00090055,0.00016785,0.00098523,0.0181706,0.052239999999999995,0.001572,1.6937348120448303,0.004518175201001193,0.0160072530569106,0.00030870259895852313
2020-05-06,1.0,43.942523179680975,0.0032310000000000004,0.00090871,0.00017028,0.00100442,0.01791391,0.053939999999999995,0.001551,1.656165629026617,0.004579977461795958,0.016224531586285788,0.00034120438310979905
2020-05-07,1.0,45.96010662744739,0.0032189,0.00089646,0.00017252,0.00105268,0.01806425,0.05415,0.001544,1.6296542509321377,0.005244936202492262,0.016194660785065984,0.0003412434289862428
2020-05-08,1.0,47.098718914845506,0.0029656,0.00086795,0.00016887,0.00141925,0.01769921,0.052779999999999994,0.001466,1.6228198262053797,0.0057254279982421295,0.015817425610753975,0.0003183715485624985
2020-05-09,1.0,46.36068613815485,0.0031079000000000002,0.00108156,0.00018415,0.0018701,0.01799172,0.06539,0.001533,1.6000710365564752,0.0058937038884001895,0.015260178305355088,0.0003287014500029541
2020-05-10,1.0,45.39882871021927,0.0032028,0.0010375,0.00017767,0.00202498,0.019138299999999997,0.0612,0.0018620000000000002,1.6114927810886424,0.005989823089596164,0.015394180850849724,0.0003552862110713471
2020-05-11,1.0,46.50297619047619,0.0032113,0.00104321,0.00018175,0.00209999,0.020009299999999997,0.06312000000000001,0.0017640000000000002,1.7495858124876174,0.005458765995452296,0.01603464510496683,0.0003874808452519713
2020-05-12,1.0,46.093569946992396,0.003048,0.00098801,0.00018235,0.00185701,0.01924083,0.07304,0.001721,1.7191186278187358,0.005566239054976971,0.015543444715892585,0.0003702642913861616
2020-05-13,1.0,46.4338781575037,0.0033783000000000003,0.00109228,0.00018877,0.00187384,0.01946422,0.06862,0.001954,1.6907147820804085,0.006617714333543221,0.015533329812465234,0.00041139554370301154
2020-05-14,1.0,46.639615689566725,0.0032082,0.00101444,0.00017975,0.00174679,0.01888671,0.06576,0.00201,1.6448124105950988,0.007194984171095169,0.015235166648339097,0.00039604919543900373
2020-05-15,1.0,48.162596927226325,0.003136,0.00098759,0.00018377,0.00167979,0.01871992,0.06377000000000001,0.001805,1.6151279555198217,0.006128835219897047,0.01482531510438264,0.0003782905482287794
2020-05-16,1.0,47.82400765184123,0.0032321,0.00102306,0.00018465,0.00196754,0.01883034,0.06489,0.001898,1.6552795693049187,0.0055138636675058274,0.015320393414610091,0.0003927532468848868
2020-05-17,1.0,46.796761664092855,0.0031588000000000002,0.00101568,0.00017947,0.00191656,0.018811500000000002,0.06396,0.001849,1.6518460833713655,0.005583449489826354,0.0158851711395475,0.00040501164950191806
2020-05-18,1.0,46.75737597606022,0.00305,0.00098998,0.00017249,0.00180332,0.01830622,0.06165,0.0017329999999999997,1.6475150271869194,0.0053942413167560365,0.015245241506172978,0.0004275867583260343
2020-05-19,1.0,45.28575310207408,0.0029719,0.00097621,0.00017424,0.00172635,0.01806799,0.060489999999999995,0.001663,1.5245351757430539,0.0054081718816861276,0.016225200101825515,0.0003961229172626949
2020-05-20,1.0,45.562238017131406,0.0030105,0.00096192,0.0001732,0.00167228,0.01842224,0.06005,0.001666,1.5499335244228798,0.005337735866821946,0.01772933817847076,0.0004135394793185459
2020-05-21,1.0,45.29806124297879,0.0030594000000000003,0.00097179,0.00017672,0.00171723,0.01947199,0.0614,0.0016719999999999999,1.5714802972208932,0.005219970758605146,0.017309826858751525,0.0004356939962193247
2020-05-22,1.0,45.626682483916596,0.0030936999999999996,0.00098513,0.00018105,0.0016251999999999998,0.01925721,0.06209,0.0017120000000000002,1.5855564705025982,0.0051538609319970756,0.022107214976098133,0.0004480418295135709
2020-05-23,1.0,44.220394445918465,0.003098,0.00099331,0.0001902,0.00160709,0.0196,0.0604,0.0017420000000000003,1.5968126150009296,0.005043530646553735,0.020880760825068984,0.0004711195309032432
2020-05-24,1.0,44.4365446142908,0.0033984,0.00098366,0.0001903,0.0015865999999999999,0.01900276,0.06079,0.0017289999999999999,1.632199955067135,0.004995998933803048,0.020576974233094444,0.0004851241298145307
2020-05-25,1.0,43.62240446693422,0.003273,0.00096557,0.00018114,0.00150821,0.01892636,0.060129999999999996,0.001684,1.6163686348266155,0.005029177068672688,0.020385949412339097,0.000485479157874177
2020-05-26,1.0,43.59768060339189,0.0033283,0.00100643,0.00019704,0.00157059,0.01887602,0.06097,0.001756,1.6891484601481586,0.004987972436566809,0.019746908815792,0.00047601484652580125
2020-05-27,1.0,44.00246413799172,0.0033501999999999994,0.00101375,0.00020766,0.00172471,0.01915616,0.06237,0.0019210000000000002,1.684238559577686,0.005010109030174777,0.01977311498655184,0.00045266995923674494
2020-05-28,1.0,44.18132013784572,0.0031958000000000004,0.00099732,0.00019651,0.00161633,0.01852448,0.061579999999999996,0.001827,1.659931675576809,0.004636253373129808,0.019412422314328312,0.0004360433127909201
2020-05-29,1.0,43.47826086956522,0.0030739,0.00096752,0.00018013,0.0015095,0.01836768,0.058170000000000006,0.001703,1.5959857990411288,0.004717703770786169,0.018388214785333902,0.00041898166744269147
2020-05-30,1.0,42.7240878407246,0.0031912,0.00095046,0.00018201,0.00150852,0.018028799999999998,0.058120000000000005,0.0017920000000000002,2.2312855218019734,0.004760666957938056,0.01878944781051872,0.0004135362051920647
2020-05-31,1.0,39.79941096871767,0.0028869,0.00090311,0.00016695,0.00138857,0.01713002,0.055020000000000006,0.001625,2.1052373300295213,0.004439328825222012,0.01636830288245851,0.00039356066798008313
2020-06-01,1.0,40.804668054025385,0.0029620000000000002,0.00090926,0.00017145,0.0013628,0.01784738,0.0548,0.0016170000000000002,1.9827127880583808,0.004476967822169146,0.01740938199431617,0.0003938655167862833
2020-06-02,1.0,41.088010518530695,0.0029383000000000005,0.00090282,0.00016625,0.00134153,0.01767499,0.05486,0.001573,1.8604913474548816,0.004563300386218294,0.01678120891150809,0.0003700282172183893
2020-06-03,1.0,40.04004004004004,0.0029392,0.00091012,0.00016999999999999999,0.00137183,0.01851815,0.05671,0.0015970000000000001,1.870376781755892,0.004541190026870976,0.017067954902008072,0.00036979104989748264
2020-06-04,1.0,39.517881841533296,0.0028656999999999997,0.00091557,0.00017002,0.0013488,0.01834933,0.058789999999999995,0.001772,1.7380313817248505,0.004630893699529656,0.016746547678048798,0.0003653549982381356
2020-06-05,1.0,40.254407857660425,0.0029353,0.00099445,0.00017406,0.00133788,0.01820569,0.05877,0.001795,1.7734350656290754,0.0045726878338355325,0.016695908614334273,0.0003986884060922452
2020-06-06,1.0,40.080160320641276,0.0032,0.00101761,0.00017175,0.0013445,0.01815695,0.05873,0.0020329999999999997,1.9923091243231417,0.004565506021017332,0.016833990956304543,0.00037766342681334257
2020-06-07,1.0,39.9616368286445,0.0031452,0.00097928,0.00017133,0.0013445,0.01799757,0.05901,0.002006,2.0463988345873587,0.0044767268280756205,0.01666039795887345,0.00036225542530348565
2020-06-08,1.0,39.85333970986769,0.0030469,0.00095836,0.00016922,0.00131832,0.01777652,0.059579999999999994,0.00215,2.2219770171124007,0.004549909354117208,0.016700870174806745,0.00036455265362392455
2020-06-09,1.0,39.69356567300441,0.0032979999999999997,0.00104313,0.00017048,0.0012984000000000001,0.01817998,0.0597,0.002172,2.2535419808635795,0.004479604624051542,0.016710219398781898,0.00034886028909080386
2020-06-10,1.0,40.083373416706756,0.0038474000000000004,0.00103063,0.00016931,0.00143329,0.01822218,0.06069,0.002235,2.857522290377013,0.0044911081543531186,0.017022683936152194,0.00035456176687541266
2020-06-11,1.0,39.89308652810468,0.0045985,0.00101239,0.00017455,0.00156655,0.017844299999999997,0.06354,0.00205,2.6987141785499067,0.0043652739704178965,0.01889267537157829,0.0003893828355712074
2020-06-12,1.0,40.254407857660425,0.0045357,0.00096468,0.00017639,0.00145246,0.01713227,0.059770000000000004,0.002014,2.632729844479201,0.004803208010321281,0.019946963300746398,0.00038149487881841503
2020-06-13,1.0,39.84381225595665,0.005419,0.00096683,0.00017872,0.00150206,0.01717309,0.063,0.002106,2.488937027240043,0.004918808064737788,0.023315245800221398,0.00041035113403118436
2020-06-14,1.0,39.781994669212715,0.005058600000000001,0.00097621,0.00018011,0.00152541,0.01726701,0.07046000000000001,0.002114,2.310425592611747,0.0050770561138845606,0.02723891789438708,0.0004269612417627896
2020-06-15,1.0,40.30795275907936,0.005059,0.00096661,0.00017790000000000001,0.00152873,0.0170068,0.06685,0.002062,2.187806192994424,0.004898905480795174,0.027883244222811198,0.00043430718766837643
2020-06-16,1.0,40.82965866405357,0.0050466999999999995,0.00096161,0.00017407,0.00149573,0.01699502,0.06591,0.002029,2.380543454261046,0.0050779844389636005,0.028169087084879363,0.0004994273378989649
2020-06-17,1.0,40.4841909234444,0.005319600000000001,0.00095675,0.00017325,0.00145798,0.01718623,0.06675,0.002097,2.2992639147478635,0.005579537108962505,0.028887353236831087,0.0004975129557505179
2020-06-18,1.0,40.47927461139896,0.0051194,0.00095594,0.00017394,0.00146807,0.01782619,0.0688,0.002439,2.308919698668812,0.005356980589006591,0.02889081060071745,0.0004977210815898262
2020-06-19,1.0,40.58112166220275,0.0049759999999999995,0.00094124,0.00018068,0.00143052,0.01795815,0.0707,0.0026920000000000004,2.2678741358534995,0.005437888079442913,0.051118332661481816,0.0005221820489580605
2020-06-20,1.0,40.65536447534252,0.0052106999999999995,0.00094969,0.00017988,0.00144898,0.0178777,0.08176,0.002813,2.2533368864381154,0.005484421349385735,0.06500944489802903,0.0005395080414191191
2020-06-21,1.0,40.884745901304214,0.0056559,0.00100978,0.00018417,0.00152988,0.01823138,0.07727,0.0027140000000000003,2.273446554209213,0.005383231265895988,0.061229909854001674,0.0005176704303111876
2020-06-22,1.0,40.75976196299013,0.005389199999999999,0.0010628,0.00019033,0.00152559,0.01836923,0.07832,0.002598,2.2446453130776143,0.005559501586347039,0.05064495396990063,0.0005036520998666792
2020-06-23,1.0,39.837463150346586,0.0051245,0.00100302,0.00019001,0.00146176,0.0184473,0.07474,0.002587,2.149336257478593,0.0055065073769953255,0.050705569633987216,0.0005893564257816624
2020-06-24,1.0,39.582013932868904,0.004966399999999999,0.00106245,0.00018555,0.00150157,0.01978801,0.07245,0.002696,2.067027091264148,0.0055268184853826405,0.05700048925509585,0.0006381107780327291
2020-06-25,1.0,39.630642412713506,0.0050162,0.00105999,0.00018285,0.00146887,0.02010125,0.07184,0.002688,2.0620111361602165,0.00601606798311167,0.05619665530860941,0.0007265133144711593
2020-06-26,1.0,39.781994669212715,0.0049732,0.00116542,0.0001834,0.00144527,0.02073263,0.06957999999999999,0.0029010000000000004,1.9894722954584787,0.0061639813255431365,0.05561666347536668,0.0006860101523234491
2020-06-27,1.0,39.90104540738968,0.0050617,0.00118754,0.00017641,0.00153722,0.02036113,0.0771,0.002823,1.9812761526468787,0.005808821316996068,0.05822748480342042,0.0006629934684433187
2020-06-28,1.0,40.79301623562046,0.004838,0.00122561,0.00016657,0.00151027,0.019949900000000003,0.07243,0.002612,2.001361269028056,0.005668706562139424,0.05646715149085772,0.0006336469641502824
2020-06-29,1.0,40.538349278417385,0.0048683,0.00117505,0.00016712,0.00147655,0.02030682,0.07077,0.002555,1.9982413399188617,0.005814309632805242,0.06063944443024104,0.0006654320292413839
2020-06-30,1.0,40.32095480020967,0.0051538,0.00114642,0.00016607,0.00151513,0.02028834,0.07435,0.002707,1.984922668053607,0.005933954601557947,0.06032341942856498,0.0006795217469345133
2020-07-01,1.0,40.5104314360948,0.0053593,0.00111261,0.00016817,0.00148902,0.02026515,0.07257000000000001,0.002728,2.0160044917488618,0.0060512139082067075,0.06314960438667755,0.0006490187408767126
2020-07-02,1.0,39.966428200311725,0.0057865,0.00111169,0.00017174,0.00145262,0.0203923,0.07307000000000001,0.002639,1.93351819175524,0.005961092769736975,0.06076885454455376,0.0006287572710166644
2020-07-03,1.0,40.12036108324975,0.006766599999999999,0.00106626,0.00016786,0.0015203,0.02122946,0.07456,0.0026,1.9422433481479888,0.006097765033191578,0.060651403696601075,0.0006748904159302393
2020-07-04,1.0,40.27872880331896,0.0082657,0.00107578,0.00016976,0.00169584,0.02107861,0.08102999999999999,0.0029760000000000003,1.977966690203505,0.006028560846250239,0.06102596752190755,0.0007387698165192012
2020-07-05,1.0,39.85333970986769,0.0072185,0.00108733,0.00017147,0.00169329,0.02103042,0.08265,0.003258,2.141473001704076,0.006029829909224367,0.060379156938723935,0.0007326947140935097
2020-07-06,1.0,39.86605007175889,0.0070571,0.00107999,0.00016843,0.00183569,0.02087418,0.0803,0.00323,2.0589937822551625,0.006029621122390053,0.05847667487953673,0.0006945347443114893
2020-07-07,1.0,38.66377977111043,0.0069194,0.00107997,0.00016153,0.00165938,0.02217505,0.07877,0.0032450000000000005,1.9336532246557725,0.005659677979023623,0.05625389125548371,0.0007239086898376785
2020-07-08,1.0,38.675742574257434,0.0066248999999999995,0.00106237,0.00016721,0.00170298,0.02388073,0.08313,0.003514,1.9202672578161708,0.005691176490209448,0.05610436679178632,0.0007658312034493373
2020-07-09,1.0,38.20877273421978,0.0064329999999999995,0.00106889,0.00016607,0.00181466,0.026332099999999997,0.08235,0.003771,1.8627327312039093,0.005551387591784969,0.0545162822573915,0.0007753214237671832
2020-07-10,1.0,38.157744114167976,0.0068995,0.00108185,0.0001644,0.00176337,0.02518635,0.07958,0.0039049999999999996,1.873400976660476,0.005579240111159786,0.05325667776252952,0.0007345345413145561
2020-07-11,1.0,38.50596842510589,0.0067063,0.00105746,0.00016894,0.00170139,0.02552134,0.07994,0.003646,1.870363192094232,0.005772765496149634,0.05398727053098474,0.0007328281514592983
2020-07-12,1.0,38.605566922750256,0.0068688,0.00107919,0.0001699,0.00182607,0.02556728,0.08085,0.003771,1.9726613865204283,0.0058037622438404145,0.05388952799766288,0.0007613473914634418
2020-07-13,1.0,38.31417624521072,0.006631000000000001,0.00106835,0.00016753,0.00176512,0.03035925,0.08039,0.004367,1.906824685527542,0.005774982885857586,0.053682236472242996,0.0008050869448263528
2020-07-14,1.0,38.57875853555033,0.0063573,0.00109958,0.00017133,0.00167705,0.029958,0.07825,0.004246,1.8734239663345111,0.005899470892519446,0.05252696237018038,0.0007358690030354104
2020-07-15,1.0,38.49411040110864,0.006649600000000001,0.00109184,0.00016769,0.00164393,0.033739,0.08355,0.004389,1.9292048211093848,0.005729941767197372,0.05213291375636631,0.0007521358323869055
2020-07-16,1.0,38.551987354948146,0.0066428,0.00108917,0.00016627,0.0016358,0.03625,0.08145,0.004953,1.9196012293907847,0.005860227582488513,0.045713504793107436,0.0007245512549227755
